,,,,,,,,,,,,,,,,,
,Product_ID,,status,Title,Author,Publicher,ISBN,pages,capture_at,pdf_name,code,note,,,,,
,KP00001851,,取得済,森林資源の環境経済史,山口明日香,慶應義塾大学出版会,9784766422429,,,,library.pref.hokkaido,,,,,,
,KP00004666,,取得済,おさなごころを科学する,森口佑介,新曜社,9784788513747,,,,library.pref.hokkaido,,,,,,
,KP00004876,,取得済,しあわせになるための「福島差別」論,池田香代子 開沼博 児玉一八ほか,かもがわ出版,9784780309393,,,,library.pref.hokkaido,,,,,,
,KP00006329,,取得済,生物の大きさはどのようにして決まるのか,大島靖美,化学同人,9784759813562,,,,library.pref.hokkaido,,,,,,
,KP00009705,,取得済,生物学の哲学入門,森元良太 田中泉吏,勁草書房,9784326102549,,,,library.pref.hokkaido,,,,,,
,KP00010193,,取得済,伝記ガイダンス 科学者3000人,日外アソシエーツ【編】,日外アソシエーツ,9784816922855,,,,library.pref.hokkaido,,,,,,
,KP00010200,,未取得,同姓異読み人名辞典 西洋人編,日外アソシエーツ【編】,日外アソシエーツ,9784816919374,,,,library.pref.hokkaido,,,,,,
,KP00010214,,取得済,海外交流史事典,富田仁,日外アソシエーツ,9784816908279,,,,library.pref.hokkaido,,,,,,
,KP00013404,,取得済,鹿と日本人,田中淳夫,築地書館,9784806715658,,,,library.pref.hokkaido,,,,,,
,KP00014277,,取得済,江戸の本屋さん,今田洋三,平凡社,9784582766851,,,,library.pref.hokkaido,,,,,,
,KP00014713,,取得済,暮らしのなかのニセ科学,左巻健男,平凡社,9784582858471,,,,library.pref.hokkaido,,,,,,
,KP00014791,,取得済,岩波講座日本歴史 第１巻,大津透 桜井英治 藤井譲治 吉田裕 李成市【編】,岩波書店,9784000113212,,,,library.pref.hokkaido,,,,,,
,KP00016144,,取得済,全訂増補版 メダカ学全書,岩松　鷹司,大学教育出版,9784864294829,,,,library.pref.hokkaido,,,,,,
,KP00017882,,取得済,造林学（第四版）,丹下健 小池孝良【編】,朝倉書店,9784254470512,,,,library.pref.hokkaido,,,,,,
,KP00017908,,取得済,ダニのはなし,島野智之 高久元【編】,朝倉書店,9784254640434,,,,library.pref.hokkaido,,,,,,
,KP00019289,,取得済,草地と日本人【増補版】,須賀丈 岡本透 丑丸敦史,築地書館,9784806715764,,,,library.pref.hokkaido,,,,,,
,KP00020497,,取得済,ネコ・かわいい殺し屋,ピーター・P・マラ クリス・サンテラ【著】 岡奈理子 山田文雄 塩野﨑和美 石井信夫【訳】,築地書館,9784806715801,,,,library.pref.hokkaido,,,,,,
,KP00020828,,未取得,郷土・地域をしらべる レファレンスブック,日外アソシエーツ【編】,日外アソシエーツ,9784816927393,,,,library.pref.hokkaido,,,,,,
,KP00022148,,未取得,樹木医学の基礎講座,樹木医学会【編】,海青社,9784860992972,,,,library.pref.hokkaido,,,,,,
,KP00024575,,未取得,生き物と音の事典,生物音響学会【編】,朝倉書店,9784254171679,,,,library.pref.hokkaido,,,,,,
,KP00025124,,未取得,樹に聴く,清和研二,築地書館,9784806715900,,,,library.pref.hokkaido,,,,,,
,KP00028133,,未取得,ホタルと人と文化,おかやま環境ネットワーク【編】 梶田博司 青山勲【著】,大学教育出版,9784864290289,,,,library.pref.hokkaido,,,,,,
,KP00031398,,取得済,農地・草地の歴史と未来,宮下直 西廣淳,朝倉書店,9784254185416,,,,library.pref.hokkaido,,,,,,
,KP00031825,,取得済,縄文時代の植物利用と家屋害虫,小畑弘己,吉川弘文館,9784642093545,,,,library.pref.hokkaido,,,,,,
,KP00032315,,未取得,楽市楽座はあったのか,長澤伸樹,平凡社,9784582477443,,,,library.pref.hokkaido,,,,,,
,KP00041268,,未取得,ミツバチの会議,トーマス・シーリー【著】 片岡夏実【訳】,築地書館,9784806714620,,,,library.pref.hokkaido,,,,,,
,KP00041620,,取得済,葉を見て枝を見て,菊沢喜八郎【著】 巌佐庸【コーディネーター】,共立出版,9784320009288,,,,library.pref.hokkaido,,,,,,
,KP00041749,,取得済,森林と文化,蛯原一平 齋藤暖生 生方史数【編】,共立出版,9784320058286,,,,library.pref.hokkaido,,,,,,
,KP00042284,,未取得,クマ問題を考える,田口洋美,山と溪谷社,9784635510424,,,,library.pref.hokkaido,,,,,,
,KP00042483,,未取得,日本百霊山,とよだ時,山と溪谷社,9784635510387,,,,library.pref.hokkaido,,,,,,
,KP00042486,,未取得,鳥ってすごい！,樋口広芳,山と溪谷社,9784635510349,,,,library.pref.hokkaido,,,,,,
,KP00042494,,未取得,シカ問題を考える,高槻成紀,山と溪谷社,9784635510097,,,,library.pref.hokkaido,,,,,,
,KP00042704,,未取得,唱歌「ふるさと」の生態学,高槻成紀,山と溪谷社,9784635510202,,,,library.pref.hokkaido,,,,,,
,KP00042882,,未取得,人を襲うクマ,羽根田治,山と溪谷社,9784635049115,,,,library.pref.hokkaido,,,,,,
,KP00043017,,未取得,源氏物語越境論,河添房江,岩波書店,9784000613064,,,,library.pref.hokkaido,,,,,,
,KP00044683,,未取得,時間軸で探る日本の鳥,黒沢令子 江田真毅【編著】,築地書館,9784806716143,,,,library.pref.hokkaido,,,,,,
,KP00045015,,未取得,なぜあの人のジョークは面白いのか？,ジョナサン・シルバータウン【著】 水谷淳【訳】,東洋経済新報社,9784492046845,,,,library.pref.hokkaido,,,,,,
,KP00045405,,未取得,外来アリのはなし,橋本佳明【編】,朝倉書店,9784254171723,,,,library.pref.hokkaido,,,,,,
,KP00046994,,未取得,世紀用語事典,浦野起央,三和書籍,9784862514172,,,,library.pref.hokkaido,,,,,,
,KP00048785,,未取得,新 生物による環境調査事典,内山裕之,東京書籍,9784487806874,,,,library.pref.hokkaido,,,,,,
,KP00048832,,未取得,日本建築のかたち,西和夫 穂積和夫,彰国社,9784395270224,,,,library.pref.hokkaido,,,,,,
,KP00049415,,未取得,動物の事典,末光隆志【総編集】,朝倉書店,9784254171662,,,,library.pref.hokkaido,,,,,,
,KP00049416,,未取得,水環境の事典,(公社)日本水環境学会【編】,朝倉書店,9784254180565,,,,library.pref.hokkaido,,,,,,
,KP00051246,,未取得,進化でわかる人間行動の事典,小田亮 橋彌和秀 大坪庸介 平石界【編】,朝倉書店,9784254523058,,,,library.pref.hokkaido,,,,,,
,KP00051446,,未取得,感情心理学ハンドブック,日本感情心理学会【企画】 内山伊知郎【編】,北大路書房,9784762830778,,,,library.pref.hokkaido,,,,,,
,KP00051814,,未取得,持続可能性の経済理論,倉阪秀史,東洋経済新報社,9784492396612,,,,library.pref.hokkaido,,,,,,
,KP00052507,,未取得,海の歴史と未来,堀正和 山北剛久,朝倉書店,9784254185447,,,,library.pref.hokkaido,,,,,,
,KP00052508,,未取得,河川の歴史と未来,西廣淳 瀧健太郎 原田守啓 宮崎佑介 河口洋一 宮下直,朝倉書店,9784254185454,,,,library.pref.hokkaido,,,,,,
,KP00053302,,未取得,現代日本土木史 第二版,高橋裕,彰国社,9784395040315,,,,library.pref.hokkaido,,,,,,
,KP00053652,,取得済,鳥の足型・足跡ハンドブック,小宮輝之 杉田平三,文一総合出版,9784829981054,,,,library.pref.hokkaido,,,,,,
,KP00053653,,取得済,哺乳類の足型・足跡ハンドブック,小宮輝之,文一総合出版,9784829981153,,,,library.pref.hokkaido,,,,,harあり,名称未設定フォルダ2
,KP00053655,,取得済,樹皮ハンドブック,林将之,文一総合出版,9784829900222,,,,library.pref.hokkaido,,,,,,　
,KP00053658,,取得済,朽ち木にあつまる虫ハンドブック,鈴木知之,文一総合出版,9784829901403,,,,library.pref.hokkaido,,,,,,
,KP00053659,,未取得,日本の鳥550 水辺の鳥 増補改訂版,桐原政志【解説】 山形則男 吉野俊幸【写真】,文一総合出版,9784829901427,,,,library.pref.hokkaido,,,,,,
,KP00053660,,取得済,声が聞こえる！ カエルハンドブック,前田憲男【写真・文】 上田秀雄【音声】,文一総合出版,9784829901489,,,,library.pref.hokkaido,,,,,,
,KP00053661,,未取得,日本のスゲ 増補改訂版,勝山輝男,文一総合出版,9784829984048,,,,library.pref.hokkaido,,,,,,
,KP00053662,,取得済,サクラハンドブック,大原隆明,文一総合出版,9784829901816,,,,library.pref.hokkaido,,,,,,
,KP00053663,,取得済,紅葉ハンドブック,林将之,文一総合出版,9784829901878,,,,library.pref.hokkaido,,,,,,
,KP00053664,,取得済,海辺で拾える貝ハンドブック,池田等【文】 松沢陽士【写真】,文一総合出版,9784829910245,,,,library.pref.hokkaido,,,,,,
,KP00053665,,取得済,新訂 水生生物ハンドブック,刈田敏三,文一総合出版,9784829911792,,,,library.pref.hokkaido,,,,,,
,KP00053666,,未取得,タカの渡り観察ガイドブック,信州ワシタカ類渡り調査研究グループ,文一総合出版,9784829921791,,,,library.pref.hokkaido,,,,,,
,KP00053667,,未取得,原寸大写真図鑑 羽,高田勝 叶内拓哉,文一総合出版,9784829921821,,,,library.pref.hokkaido,,,,,,
,KP00053668,,未取得,♪鳥くんの比べて識別！野鳥図鑑670 第3版,永井真人【著】 茂田良光【監修】,文一総合出版,9784829972311,,,,library.pref.hokkaido,,,,,,
,KP00053669,,取得済,照葉樹ハンドブック,林将之,文一総合出版,9784829981085,,,,library.pref.hokkaido,,,,,,
,KP00053670,,取得済,身近な雑草の芽生えハンドブック,浅井元朗,文一総合出版,9784829981115,,,,library.pref.hokkaido,,,,,,
,KP00053671,,未取得,日本の鳥550 山野の鳥 新訂,五百澤日丸 山形則男【解説・写真】 吉野俊幸【写真】,文一総合出版,9784829984000,,,,library.pref.hokkaido,,,,,,
,KP00053672,,未取得,日本の水草,角野康郎,文一総合出版,9784829984017,,,,library.pref.hokkaido,,,,,,
,KP00053673,,未取得,樹木の実生図鑑,八田洋章【編】,文一総合出版,9784829988404,,,,library.pref.hokkaido,,,,,,
,KP00053674,,取得済,絵解きで調べる田んぼの生きもの,向井康夫,文一総合出版,9784829972021,,,,library.pref.hokkaido,,,,,,
,KP00053675,,取得済,タンポポハンドブック,保谷彰彦,文一総合出版,9784829981436,,,,library.pref.hokkaido,,,,,,
,KP00053676,,取得済,テントウムシハンドブック,阪本優介,文一総合出版,9784829981580,,,,library.pref.hokkaido,,,,,,
,KP00053677,,取得済,どんぐりハンドブック,いわさゆうこ【著】 八田洋章【監修】,文一総合出版,9784829911761,,,,library.pref.hokkaido,,,,,,
,KP00053678,,取得済,ハムシハンドブック,尾園暁,文一総合出版,9784829981221,,,,library.pref.hokkaido,,,,,,
,KP00053679,,未取得,羽根識別マニュアル,藤井幹,文一総合出版,9784829975114,,,,library.pref.hokkaido,,,,,,
,KP00053680,,取得済,身近な草木の実とタネハンドブック,多田多恵子,文一総合出版,9784829910757,,,,library.pref.hokkaido,,,,,,
,KP00053681,,取得済,野草のロゼットハンドブック,亀田龍吉,文一総合出版,9784829981092,,,,library.pref.hokkaido,,,,,,
,KP00053682,,未取得,セミハンドブック,税所康正,文一総合出版,9784829981634,,,,library.pref.hokkaido,,,,,,
,KP00053683,,取得済,ゲンゴウロウ・ガムシ・ミズスマシハンドブック,三田村敏正 平澤桂 吉井重幸【著】 北野忠【監修】,文一総合出版,9784829981511,,,,library.pref.hokkaido,,,,,,
,KP00053684,,取得済,タガメ・ミズスマシ・アメンボハンドブック,三田村敏正 平澤桂 吉井重幸【著】 北野忠【監修】,文一総合出版,9784829981528,,,,library.pref.hokkaido,,,,,,
,KP00053685,,取得済,カエデ識別ハンドブック,猪狩貴史,文一総合出版,9784829911754,,,,library.pref.hokkaido,,,,,,
,KP00053687,,取得済,スミレハンドブック,山田隆彦,文一総合出版,9784829910771,,,,library.pref.hokkaido,,,,,,
,KP00053688,,取得済,身近な雑草の芽生えハンドブック 2,浅井元朗,文一総合出版,9784829981375,,,,library.pref.hokkaido,,,,,,
,KP00053689,,取得済,街なかの地衣類ハンドブック,大村嘉人,文一総合出版,9784829981320,,,,library.pref.hokkaido,,,,,,
,KP00053690,,取得済,冬芽ハンドブック,広沢毅 林将之,文一総合出版,9784829911747,,,,library.pref.hokkaido,,,,,,
,KP00053693,,取得済,ハチハンドブック,藤丸篤夫,文一総合出版,9784829981252,,,,library.pref.hokkaido,,,,,,
,KP00053694,,取得済,モグラハンドブック,飯島正広 土屋公幸,文一総合出版,9784829981337,,,,library.pref.hokkaido,,,,,,
,KP00053695,,取得済,昆虫の食草・食樹,森上信夫 林将之,文一総合出版,9784829900260,,,,library.pref.hokkaido,,,,,,
,KP00053698,,取得済,土の中の小さな生き物ハンドブック,皆越ようせい【文・写真】 渡辺弘之【監修】,文一総合出版,9784829921937,,,,library.pref.hokkaido,,,,,,
,KP00053699,,未取得,野ばらハンドブック,御巫由紀【解説】 大作晃一【写真】,文一総合出版,9784829981368,,,,library.pref.hokkaido,,,,,,
,KP00053700,,取得済,きれいでふしぎな粘菌,新井文彦 川上新一【監修】,文一総合出版,9784829990001,,,,library.pref.hokkaido,,,,,,
,KP00053701,,未取得,いつでもどこでもきのこ,保坂健太郎【文】 新井文彦【写真】,文一総合出版,9784829990018,,,,library.pref.hokkaido,,,,,,
,KP00053702,,未取得,あなたのあしもとコケの森,鵜沢美穂子【文】 新井文彦【写真】,文一総合出版,9784829990025,,,,library.pref.hokkaido,,,,,,
,KP00054342,,未取得,都市の樹木433,岩崎哲也,文一総合出版,9784829911877,,,,library.pref.hokkaido,,,,,,
,KP00054437,,未取得,木本植物の生理生態,小池孝良 北尾光俊 市栄智明 渡辺誠,共立出版,9784320058125,,,,library.pref.hokkaido,,,,,,
,KP00054669,,未取得,進化38億年の偶然と必然,長谷川政美,国書刊行会,9784336070371,,,,library.pref.hokkaido,,,,,,
,KP00057077,,未取得,タヌキ学入門,高槻成紀,誠文堂新光社,9784416115473,,,,library.pref.hokkaido,,,,,,
,KP00057097,,未取得,新訂 同姓異読み人名辞典 西洋人編,日外アソシエーツ【編】,日外アソシエーツ,9784816929076,,,,library.pref.hokkaido,,,,,,
,KP00058498,,未取得,雨もキノコも鼻クソも 大気微生物の世界,牧輝弥,築地書館,9784806716273,,,,library.pref.hokkaido,,,,,,
,KP00058500,,未取得,海鳥と地球と人間,綿貫豊,築地書館,9784806716297,,,,library.pref.hokkaido,,,,,,
,KP00060008,,未取得,となりのハト,柴田佳秀,山と溪谷社,9784635063104,,,,library.pref.hokkaido,,,,,,
,KP00060294,,未取得,造林樹木学ノート,上原巌,コロナ社,9784339052763,,,,library.pref.hokkaido,,,,,,
,KP00062343,,未取得,偉人たちの挑戦 1,東京電機大学【編】,東京電機大学出版局,9784501633103,,,,library.pref.hokkaido,,,,,,
,KP00065857,,未取得,BOOK PAGE 本の年鑑 2022,日外アソシエーツ【編】,日外アソシエーツ,9784816929144,,,,library.pref.hokkaido,,,,,,
,KP00066085,,未取得,森の根の生態学,平野恭弘 野口享太郎 大橋瑞江【編】,共立出版,9784320058132,,,,library.pref.hokkaido,,,,,,
,KP00066848,,未取得,変形菌 発見と観察を楽しむ自然図鑑,川上 新一【解説】 新井 文彦 髙野 丈【写真】,山と溪谷社,9784635062978,,,,library.pref.hokkaido,,,,,,
,KP00066962,,未取得,数と計算のはなし 代数篇,武藤徹,日本評論社,9784535603318,,,,library.pref.hokkaido,,,,,,
,KP00066963,,未取得,図形のはなし 幾何篇,武藤徹,日本評論社,9784535603325,,,,library.pref.hokkaido,,,,,,
,KP00066964,,未取得,多次元の世界をのぞく ベクトル・行列篇,武藤徹,日本評論社,9784535603332,,,,library.pref.hokkaido,,,,,,
,KP00066965,,未取得,運動と変化のはなし 関数篇,武藤徹,日本評論社,9784535603349,,,,library.pref.hokkaido,,,,,,
,KP00066966,,未取得,ミクロとマクロをつむぐ 微分積分篇,武藤徹,日本評論社,9784535603356,,,,library.pref.hokkaido,,,,,,
,KP00066967,,未取得,大量現象のはなし 確率・統計篇,武藤徹,日本評論社,9784535603363,,,,library.pref.hokkaido,,,,,,
,KP00067986,,未取得,富士山境目図鑑,山梨県富士山科学研究所【著】,丸善出版,9784621305119,,,,library.pref.hokkaido,,,,,,
,KP00071053,,取得済,今日からはじめる ばーどらいふ！,一日一種,文一総合出版,9784829972366,,,,library.pref.hokkaido,,,,,,
,KP00071055,,取得済,野鳥手帳,叶内拓哉【文・写真】 水谷高英【イラスト】,文一総合出版,9784829972359,,,,library.pref.hokkaido,,,,,,
,KP00071059,,取得済,田んぼや水辺でみられる 植物の芽生えハンドブック,浅井元朗 西廣淳,文一総合出版,9784829981719,,,,library.pref.hokkaido,,,,,,
,KP00071060,,取得済,かんたん識別！ 身近なチョウ,森地重博 清水聡司 奥山清市,文一総合出版,9784829972403,,,,library.pref.hokkaido,,,,,,
,KP00071061,,未取得,生きもの毛事典,保谷彰彦【文】 川崎悟司【イラスト】,文一総合出版,9784829972380,,,,library.pref.hokkaido,,,,,,
,KP00071062,,取得済,繭ハンドブック,三田村敏正,文一総合出版,9784829981122,,,,library.pref.hokkaido,,,,,,
,KP00080785,,未取得,羽毛恐竜完全ガイド,BIRDER編集部【編】,文一総合出版,9784829975138,,,,library.pref.hokkaido,,,,,,
,KP00088544,,未取得,鳴き声できずなを結ぶ エゾナキウサギ,佐藤圭【写真・文】,文一総合出版,9784829990193,,,,library.pref.hokkaido,,,,,,
,KP00088644,,未取得,古代東北の蝦夷と北海道〈オンデマンド版〉,関口明,吉川弘文館,9784642723862,,,,library.pref.hokkaido,,,,,,
,KP00089021,,未取得,山の園芸屋さん エゾシマリス,佐藤圭【写真・文】,文一総合出版,9784829990148,,,,library.pref.hokkaido,,,,,,
,KP00095630,,未取得,北方海域をめぐる国際政治史,髙橋亮一,日本経済評論社,9784818826496,,,,library.pref.hokkaido,,,,,,
,KP00101523,,未取得,Q&Aで読む縄文時代入門,山田康弘 設楽博己【編】,吉川弘文館,9784642084499,,,,library.pref.hokkaido,,,,,,
,KP00105431,,未取得,アイヌ語地名の歴史,児島恭子,吉川弘文館,9784642306041,,,,library.pref.hokkaido,,,,,,
,KP00006166,,不完全,新訂　原色魚類大圖鑑,多紀保彦ほか【新訂監修】,北隆館,9784832608207,,,,,,,,,,
,KP00012425,,不完全,教養読書,福原義春,東洋経済新報社,9784492046234,,,,,,,,,,
,KP00022312,,不完全,先輩がやさしく教えるシステム管理者の知識と実務,木下肇,翔泳社,9784798152608,,,,,,,,,,
,KP00030375,,不完全,微生物学辞典,日本微生物学協会【編】,技報堂出版,9784765500203,,,,,,,,,,
,KP00042571,,不完全,四季の摘み菜12ヵ月,平谷けいこ,山と溪谷社,9784635047968,,,,,,,,,,
,KP00042575,,不完全,教えてゲッチョ先生！ 昆虫のハテナ,盛口満,山と溪谷社,9784635047920,,,,,,,,,,
,KP00044679,,不完全,人に話したくなる土壌微生物の世界,染谷孝【編著】,築地書館,9784806716075,,,,,,,,,,
,KP00045737,,不完全,きのこと動物,相良直彦,築地書館,9784806716150,,,,,,,,,,
,KP00047945,,不完全,コーピングのやさしい教科書,伊藤絵美,金剛出版,9784772418270,,,,,,,,,,
,KP00048691,,不完全,死んでも床にモノを置かない。,須藤昌子,すばる舎,9784799107904,,,,,,,,,,
,KP00051761,,不完全,世界文学大図鑑,ジェイムズ・キャントン【著】 沼野充義【監修】 越前敏弥【訳】,三省堂,9784385162331,,,,,,,,,,
,KP00053356,,不完全,クラウド時代のネットワーク入門,大喜多利哉,翔泳社,9784798166032,,,,,,,,,,
,KP00055133,,不完全,物理学図鑑,福江純 福江翼 福江慧,オーム社,9784274227707,,,,,,,,,,
,KP00060116,,不完全,現代病「集中できない」を知力に変える　読む力　最新スキル大全,佐々木俊尚,東洋経済新報社,9784492046869,,,,,,,,,,
,KP00067054,,不完全,千年の読書,三砂慶明,誠文堂新光社,9784416522080,,,,,,,,,,
,KP00068408,,不完全,江戸落語事典,飯田泰子,芙蓉書房出版,9784829507308,,,,library.pref.hokkaido,,,,,,
,KP00069661,,不完全,造園大百科事典,亀山章【総編集】,朝倉書店,9784254410419,,,,library.pref.hokkaido,,,,,,
,KP00080580,,不完全,修験道小事典,宮家準,法藏館,9784831870698,,,,library.pref.hokkaido,,,,,,
,KP00093864,,不完全,すぐわかる　病害虫ポケット図鑑,大阪府植物防疫協会【編】,農山漁村文化協会,9784540181276,,,,library.pref.hokkaido,,,,,,
,KP00005918,,取得済,趣味からはじめる昆虫学,熊澤辰徳,オーム社,9784274505836,,,,library.pref.hokkaido,,,,,,
,KP00006167,,取得済,原色昆虫大圖鑑　新訂,矢田脩【新訂監修】,北隆館,9784832608252,,,,,,,,,,
,KP00006168,,取得済,原色昆虫大圖鑑　新訂,森本桂【新訂監修】,北隆館,9784832608269,,,,,,,,,,
,KP00006169,,取得済,原色昆虫大圖鑑　新訂,平嶋義宏 森本桂【新訂監修】,北隆館,9784832608276,,,,,,,,,,
,KP00006178,,取得済,原色動物大図鑑,岡田要ほか【共著】,北隆館,9784832608337,,,,,,,,,,
,KP00006179,,取得済,原色植物分類図鑑　日本のテンナンショウ,邑田仁,北隆館,9784832610026,,,,,,,,,,
,KP00006180,,取得済,原色植物分類図鑑　世界のカワゴケソウ,加藤雅啓,北隆館,9784832610033,,,,,,,,,,
,KP00006181,,取得済,ＡＰＧ原色樹木大図鑑,邑田仁 米倉浩司【監修】,北隆館,9784832609839,,,,,,,,,,
,KP00006183,,取得済,原色動物大図鑑,岡田要 内田亨ほか【共著】,北隆館,9784832608344,,,,,,,,,,
,KP00010178,,取得済,植物レファレンス事典,日外アソシエーツ編集部【編】,日外アソシエーツ,9784816918216,,,,library.pref.hokkaido,,,,,,
,KP00011282,,取得済,新装版　英和学習基本用語辞典　生物,藤沢皖【監修】 津田稔【解説】,アルク,9784757415744,,,,,,,,,,
,KP00014094,,取得済,改訂新版　日本の野生植物,大橋広好 門田裕一 邑田仁 米倉浩司 木原浩【編】,平凡社,9784582535310,,,,,,,,,,
,KP00014095,,取得済,改訂新版　日本の野生植物,大橋広好 門田裕一 邑田仁 米倉浩司 木原浩【編】,平凡社,9784582535327,,,,,,,,,,
,KP00014096,,取得済,改訂新版　日本の野生植物,大橋広好 門田裕一 邑田仁 米倉浩司 木原浩【編】,平凡社,9784582535334,,,,,,,,,,
,KP00014097,,取得済,改訂新版　日本の野生植物,大橋広好 門田裕一 邑田仁 米倉浩司 木原浩【編】,平凡社,9784582535341,,,,,,,,,,
,KP00014098,,取得済,改訂新版　日本の野生植物,大橋広好 門田裕一 邑田仁 米倉浩司 木原浩【編】,平凡社,9784582535358,,,,,,,,,,
,KP00016530,,取得済,日本のタケ亜科植物,小林幹夫,北隆館,9784832610040,,,,library.pref.hokkaido,,,,,,
,KP00016533,,取得済,原色高山植物大圖鑑,小野幹雄 林弥栄【監修】,北隆館,9784832600072,,,,,,,,,,
,KP00016534,,取得済,原色園芸植物大圖鑑,本田正次ほか【監修】,北隆館,9784832600034,,,,,,,,,,
,KP00017529,,取得済,花粉学事典　（新装版）,日本花粉学会【編】,朝倉書店,9784254171389,,,,,,,,,,
,KP00017751,,取得済,日本産アリ類図鑑,寺山守 久保田敏 江口克之,朝倉書店,9784254171563,,,,library.pref.hokkaido,,,,,,
,KP00017837,,取得済,低温環境の科学事典,河村公隆【他編】,朝倉書店,9784254161281,,,,,,,,,,
,KP00017844,,取得済,光と生命の事典,日本光生物学協会　光と生命の事典 編集委員会【編】,朝倉書店,9784254171617,,,,,,,,,,
,KP00017867,,取得済,土のひみつ,日本土壌肥料学会「土のひみつ」編集グループ【編】,朝倉書店,9784254400236,,,,,,,,,,
,KP00017869,,取得済,植物ウイルス大事典,日比忠明 大木理【監修】,朝倉書店,9784254420401,,,,,,,,,,
,KP00018455,,取得済,和漢古典植物名精解,木下武司,和泉書院,9784757608191,,,,,,,,,,
,KP00022176,,取得済,シロアリの事典,吉村剛　ほか【編】,海青社,9784860992606,,,,,,,,,,
,KP00024795,,取得済,世界で一番美しい元素図鑑,セオドア・グレイ【著】 ニック・マン【写真】 若林文高【監修】 武井摩利【訳】,創元社,9784422420042,,,,,,,,,,
,KP00024796,,取得済,世界で一番美しい分子図鑑,セオドア・グレイ【著】 ニック・マン【写真】 若林文高【監修】 武井摩利【訳】,創元社,9784422420066,,,,,,,,,,
,KP00025048,,取得済,内定獲得のメソッド　一般常識　即戦力 問題集,マイナビ出版編集部【編】,マイナビ出版,9784839969554,,,,,,,,,,
,KP00028192,,取得済,観光の事典,白坂蕃 稲垣勉 小沢健市 古賀学 山下晋司【編】,朝倉書店,9784254163575,,,,,,,,,,
,KP00029944,,取得済,子どもと一緒に覚えたい　貝殻の名前,東海大学海洋学部 海洋科学博物館【監修】,マイルスタッフ,9784295403364,,,,,,,,,,
,KP00031006,,取得済,日本産蚊全種検索図鑑,津田良夫,北隆館,9784832610064,,,,,,,,,,
,KP00031462,,取得済,海の極小！いきもの図鑑,星野修,築地書館,9784806715993,,,,library.pref.hokkaido,,,,,,
,KP00031534,,取得済,美しい電子顕微鏡写真と構造図で見る　ウイルス図鑑101,マリリン・Ｊ・ルーシンク【著】 布施晃【監修】 北川玲【訳】,創元社,9784422430270,,,,,,,,,,
,KP00031833,,取得済,土の中の美しい生き物たち,萩原康夫 吉田譲 島野智之【編著】 塚本勝也 前原忠【著】,朝倉書店,9784254171716,,,,library.pref.hokkaido,,,,,,
,KP00032855,,取得済,在来野草による緑化ハンドブック,根本正之 山田晋 田淵誠也【編】,朝倉書店,9784254420425,,,,library.pref.hokkaido,,,,,,
,KP00041283,,取得済,牧野植物図鑑原図集,牧野図鑑刊行80年記念出版編集委員会【編】,北隆館,9784832610545,,,,,,,,,,
,KP00041399,,取得済,化学大辞典　縮刷版,化学大辞典編集委員会【編】,共立出版,9784320040151,,,,,,,,,,
,KP00041400,,取得済,化学大辞典　縮刷版,化学大辞典編集委員会【編】,共立出版,9784320040168,,,,,,,,,,
,KP00041404,,取得済,化学大辞典　縮刷版,化学大辞典編集委員会【編】,共立出版,9784320040205,,,,,,,,,,
,KP00041406,,取得済,化学大辞典　縮刷版,化学大辞典編集委員会【編】,共立出版,9784320040229,,,,,,,,,,
,KP00041615,,取得済,日本産ミジンコ図鑑,田中正明 牧田直子,共立出版,9784320057838,,,,,,,,,,
,KP00041638,,取得済,日本の海産プランクトン図鑑　第2版,岩国市立ミクロ生物館【監修】 末友靖隆【編著】 松山幸彦　ほか【著】,共立出版,9784320057289,,,,,,,,,,
,KP00041668,,取得済,基礎から学べる菌類生態学,大園享司,共立出版,9784320057876,,,,,,,,,,
,KP00041863,,取得済,くらべてわかる 甲虫 1062種,町田龍一郎【監修】 阿部浩志 奥山清市 田中良尚 長島聖大 諸岡範澄【文・写真】,山と溪谷社,9784635063555,,,,library.pref.hokkaido,,,,,,
,KP00041928,,取得済,もっと美しき小さな雑草の花図鑑,大作晃一【写真】 多田多恵子【文】,山と溪谷社,9784635550192,,,,,,,,,,
,KP00041978,,取得済,ときめく雲図鑑,菊池真以,山と溪谷社,9784635202466,,,,,,,,,,
,KP00042236,,取得済,高山に咲く花　増補改訂新版,清水建美【編・解説】 門田裕一【改訂版監修】 木原浩【写真】,山と溪谷社,9784635070300,,,,,,,,,,
,KP00042250,,取得済,樹に咲く花,茂木 透【写真】 高橋 秀男 勝山 輝男【監修】,山と溪谷社,9784635070034,,,,,,,,,,
,KP00042251,,取得済,樹に咲く花,茂木 透【写真】 太田 和夫 勝山 輝男【解説】,山と溪谷社,9784635070041,,,,,,,,,,
,KP00042252,,取得済,樹に咲く花,茂木 透【写真】 城川 四郎 高橋 秀男【解説】,山と溪谷社,9784635070058,,,,,,,,,,
,KP00042281,,取得済,サケマス・イワナのわかる本　改訂新版,井田齊 奥山文弥,山と溪谷社,9784635360760,,,,,,,,,,
,KP00042293,,取得済,くらべてわかる 昆虫,永幡嘉之【文・写真】 奥山清市【写真】,山と溪谷社,9784635063494,,,,library.pref.hokkaido,,,,,,
,KP00042306,,取得済,ときめく金魚図鑑,尾園暁【写真・文】 岡本信明【監修】,山と溪谷社,9784635202404,,,,,,,,,,
,KP00042386,,取得済,家の中のすごい生きもの図鑑,久留飛克明【文】 村林タカノブ【絵】,山と溪谷社,9784635062886,,,,,,,,,,
,KP00042423,,取得済,日本の海水魚　改訂版,吉野雄輔,山と溪谷社,9784635070416,,,,,,,,,,
,KP00042522,,取得済,ときめく妖怪図鑑,門賀美央子【文】 アマヤギ堂【画】 東雅夫【監修】,山と溪谷社,9784635202305,,,,,,,,,,
,KP00042524,,取得済,ときめく微生物図鑑,塩野正道 塩野暁子【著】 鏡味麻衣子【監修】,山と溪谷社,9784635202282,,,,,,,,,,
,KP00042680,,取得済,ときめくコケ図鑑,田中美穂【文】 伊沢正名【写真】,山と溪谷社,9784635202251,,,,,,,,,,
,KP00042712,,取得済,新版　草木染,山崎和樹【編著】,山と溪谷社,9784635580335,,,,,,,,,,
,KP00044054,,取得済,イラストでわかる微生物学超入門　改訂2版,齋藤光正,南山堂,9784525163426,,,,,,,,,,
,KP00044108,,取得済,世界のふしぎな木の実図鑑,小林智洋 山東智紀【著】 山田英春【写真】,創元社,9784422430331,,,,,,,,,,
,KP00046397,,取得済,日本語源広辞典　増補版,増井金典,ミネルヴァ書房,9784623063246,,,,,,,,,,
,KP00047766,,取得済,ときめく鉱物図鑑,宮脇律郎【監修】,山と溪谷社,9784635049139,,,,,,,,,,
,KP00047951,,取得済,造園用語辞典　第3版,東京農業大学造園科学科【編】,彰国社,9784395100477,,,,library.pref.hokkaido,,,,,,
,KP00051312,,取得済,新分類　キノコ図鑑,前川二太郎【編著】,北隆館,9784832607477,,,,,,,,,,
,KP00051389,,取得済,くらべてわかる貝殻,黒住耐二【文】 大作晃一【写真】,山と溪谷社,9784635063562,,,,library.pref.hokkaido,,,,,,
,KP00051707,,取得済,世界のどんぐり図鑑,徳永桂子【著】 原正利【解説】,平凡社,9784582542639,,,,,,,,,,
,KP00051724,,取得済,世界大博物図鑑　蟲類　普及版,荒俣宏,平凡社,9784582518610,,,,,,,,,,
,KP00051725,,取得済,世界大博物図鑑　魚類　普及版,荒俣宏,平凡社,9784582518627,,,,,,,,,,
,KP00051727,,取得済,世界大博物図鑑　鳥類　普及版,荒俣宏,平凡社,9784582518641,,,,,,,,,,
,KP00051728,,取得済,世界大博物図鑑　哺乳類　普及版,荒俣宏,平凡社,9784582518658,,,,,,,,,,
,KP00051729,,取得済,世界大博物図鑑　絶滅・希少鳥類　普及版,荒俣宏,平凡社,9784582518665,,,,,,,,,,
,KP00051730,,取得済,世界大博物図鑑　水生無脊椎動物　普及版,荒俣宏,平凡社,9784582518672,,,,,,,,,,
,KP00052875,,取得済,世界一やさしい！微生物図鑑,鈴木智順【監修】,新星出版社,9784405073111,,,,,,,,,,
,KP00053654,,取得済,新しい植物分類体系,伊藤元己 井鷺裕司,文一総合出版,9784829965306,,,,library.pref.hokkaido,,,,,,
,KP00053656,,取得済,野鳥と木の実ハンドブック,叶内拓哉,文一総合出版,9784829900246,,,,library.pref.hokkaido,,,,,,
,KP00053691,,取得済,冬虫夏草ハンドブック,盛口満 安田守,文一総合出版,9784829901434,,,,library.pref.hokkaido,,,,,,
,KP00053692,,取得済,サンゴ礁のエビハンドブック,峯水亮,文一総合出版,9784829981108,,,,library.pref.hokkaido,,,,,,
,KP00053697,,取得済,虫こぶハンドブック,薄葉重,文一総合出版,9784829921784,,,,library.pref.hokkaido,,,,,,
,KP00055921,,取得済,「多肉植物の名前」400がよくわかる図鑑,飯島健太郎【監修】,主婦と生活社,9784391146554,,,,,,,,,,
,KP00056545,,取得済,海野和男 灯りに集まる昆虫たち,海野和男,誠文堂新光社,9784416113301,,,,,,,,,,
,KP00056603,,取得済,日本産セミ科図鑑　改訂版,林正美 税所康正【編著】,誠文堂新光社,9784416615607,,,,,,,,,,
,KP00056881,,取得済,決定版 日本のカモ識別図鑑,氏原巨雄 氏原道昭,誠文堂新光社,9784416715574,,,,,,,,,,
,KP00056882,,取得済,決定版 日本のカモメ識別図鑑,氏原巨雄 氏原道昭,誠文堂新光社,9784416518526,,,,,,,,,,
,KP00056891,,取得済,公園で探せる昆虫図鑑,石井誠,誠文堂新光社,9784416211052,,,,,,,,,,
,KP00056907,,取得済,昆虫びっくり観察術　体からみえる虫の能力,石井誠,誠文堂新光社,9784416113448,,,,,,,,,,
,KP00057048,,取得済,増補改訂新版　身近な昆虫識別図鑑,海野和男,誠文堂新光社,9784416519127,,,,,,,,,,
,KP00057287,,取得済,地下生菌識別図鑑,佐々木廣海 木下晃彦 奈良一秀,誠文堂新光社,9784416516461,,,,,,,,,,
,KP00057345,,取得済,デジタルカメラで昆虫観察,海野和男,誠文堂新光社,9784416719015,,,,,,,,,,
,KP00057392,,取得済,日本の貝,髙重博【著】 武井哲史【写真】,誠文堂新光社,9784416518342,,,,,,,,,,
,KP00057395,,取得済,日本の野鳥識別図鑑,中野泰敬 叶内拓哉 永井凱巳,誠文堂新光社,9784416516102,,,,,,,,,,
,KP00058105,,取得済,魚類学の百科事典,日本魚類学会【編】,丸善出版,9784621303177,,,,library.pref.hokkaido,,,,,,
,KP00058515,,取得済,干潟生物観察図鑑,風呂田利夫 多留聖典【著】 中村武弘【写真】,誠文堂新光社,9784416516164,,,,,,,,,,
,KP00058653,,取得済,実とタネキャラクター図鑑,多田多恵子,誠文堂新光社,9784416616499,,,,,,,,,,
,KP00058698,,取得済,薬草・毒草を見分ける図鑑,磯田進【監修】,誠文堂新光社,9784416516515,,,,,,,,,,
,KP00060803,,取得済,あした出会える雑草の花100,髙橋修,山と溪谷社,9784635063005,,,,,,,,,,
,KP00062342,,取得済,第一級アマチュア無線技士試験　集中ゼミ,吉川忠久,東京電機大学出版局,9784501334802,,,,,,,,,,
,KP00064057,,取得済,要点マスター！　一般常識,マイナビ出版編集部【編】,マイナビ出版,9784839980108,,,,,,,,,,
,KP00064770,,取得済,New Scientist 起源図鑑,グレアム・ロートン【著】 ジェニファー・ダニエル【絵】 佐藤やえ【訳】,ディスカヴァー・トゥエンティワン,9784799322079,,,,,,,,,,
,KP00066847,,取得済,あした出会えるきのこ100,新井 文彦【著】 保坂 健太郎【監修】,山と溪谷社,9784635062992,,,,library.pref.hokkaido,,,,,,
,KP00068397,,取得済,タモ網1本ではじめられる魚とり,仲義輝,山と溪谷社,9784635063135,,,,,,,,,,
,KP00071054,,取得済,ハエトリグモハンドブック 増補改訂版,須黒達巳,文一総合出版,9784829981696,,,,library.pref.hokkaido,,,,,,
,KP00071185,,取得済,なぜ力学を学ぶのか,飯田洋治,日本評論社,9784535789531,,,,,,,,,,
,KP00078020,,取得済,イラストでわかる微生物学超入門　改訂3版,齋藤光正,南山堂,9784525163433,,,,,,,,,,
,KP00080195,,取得済,ビジュアル「生きる技術」図鑑,かざまりんぺい【著】 子供の科学編集部【編】,誠文堂新光社,9784416523490,,,,,,,,,,
,KP00105622,,取得済,チョウ・ガ図鑑,デヴィッド・カーター【著】 フランク・グリーナウェー【写真】 平井規央 谷田昌也【監訳】 山崎正浩【訳】,創元社,9784422430577,,,,,,,,,,
,KP00105675,,取得済,地球博物学大図鑑　新訂版,スミソニアン協会【監修】 デイヴィッド・バーニー【顧問編集】 西尾香苗 増田まもる 松倉真理【訳】,東京書籍,9784487816071,,,,,,,,,,
,KP00120642,,取得済,47都道府県・美術の偉人百科,森岡浩,丸善出版,9784621311578,,,,,,,,,,
,KP00123447,,取得済,身近なキノコ図鑑,秋山弘之,家の光協会,9784259568122,,,,,,,,,,
,,,取得済,111,,,,,,,library.pref.hokkaido,,,,,,
,,,取得済,APG原色樹木大図鑑,,,,,,,library.pref.hokkaido,,,,,,
,,,取得済,いきもの六法,,,,,,,library.pref.hokkaido,,,,,,
,,,取得済,おもしろ植物図鑑,,,,,,,library.pref.hokkaido,,,,,,
,,,取得済,きのこの教科書観察と種同定の入門,,,,,,,library.pref.hokkaido,,,,,,
,,,取得済,くらべてわかる哺乳類,,,,,,,library.pref.hokkaido,,,,,,
,,,取得済,ときめくきのこ図鑑,,,,,,,library.pref.hokkaido,,,,,,
,,,取得済,ときめくチョウ図鑑,,,,,,,library.pref.hokkaido,,,,,,
,,,取得済,ときめく貝殻図鑑,,,,,,,library.pref.hokkaido,,,,,,
,,,取得済,データベーススペシャリスト教科書令和4年度,,,,,,,library.pref.hokkaido,,,,,,
,,,取得済,ポケット図鑑日本のキノコ262,,,,,,,library.pref.hokkaido,,,,,,
,,,取得済,公園で探せる昆虫図鑑,,,,,,,library.pref.hokkaido,,,,,,
,,,取得済,北海道のキノコ,,,,,,,library.pref.hokkaido,,,,,,
,,,取得済,実とタネキャラクター図鑑,,,,,,,library.pref.hokkaido,,,,,,
,,,取得済,新分類牧野日本植物図鑑,,,,,,,library.pref.hokkaido,,,,,,
,,,取得済,新板草花もの知り事典,,,,,,,library.pref.hokkaido,,,,,,
,,,取得済,日本の野鳥識別図鑑,,,,,,,library.pref.hokkaido,,,,,,
,,,取得済,日本野鳥の会のとっておきの野鳥の授業,,,,,,,library.pref.hokkaido,,,,,,
,,,取得済,昆虫たちのすごい筋肉,,,,,,,library.pref.hokkaido,,,,,,
,,,取得済,理科好きな子に育つふしぎのお話,,,,,,,library.pref.hokkaido,,,,,,
,,,取得済,草の辞典,,,,,,,library.pref.hokkaido,,,,,,
,,,取得済,野外毒本,,,,,,,library.pref.hokkaido,,,,,,
