ProductID,一覧No,タイトル,タイトル状態,サブタイトル・シリーズ,著者,出版社,底本刊行,ISBN,eISBN,code,status,pdf,pages,captured_at,note,収録元,不足項目,次の作業
KP00001851,99,森林資源の環境経済史,検索リスト,近代日本の産業化と木材,山口明日香,慶應義塾大学出版会,2015-12,9784766422429,9784766492569,library.pref.hokkaido,未取得,,,,,検索リスト+取得台帳,pdf;pages;captured_at,取得したら pdf・pages・captured_at を記入し、status を取得済か不完全に更新する
KP00004666,121,おさなごころを科学する,検索リスト,進化する乳幼児観,森口佑介,新曜社,2014-03,9784788513747,,library.pref.hokkaido,未取得,,,,,検索リスト+取得台帳,pdf;pages;captured_at,取得したら pdf・pages・captured_at を記入し、status を取得済か不完全に更新する
KP00004876,125,しあわせになるための「福島差別」論,検索リスト,,池田香代子 開沼博 児玉一八ほか,かもがわ出版,2018-01,9784780309393,,library.pref.hokkaido,未取得,,,,,検索リスト+取得台帳,pdf;pages;captured_at,取得したら pdf・pages・captured_at を記入し、status を取得済か不完全に更新する
KP00005918,62,趣味からはじめる昆虫学,検索リスト,知られざる虫の姿を新発見！,熊澤辰徳,オーム社,2016-06,9784274505836,,library.pref.hokkaido,取得済,趣味からはじめる昆虫学.pdf,167,2026-08-13,,検索リスト+取得台帳,,対応不要
KP00006166,,,未確認,,,,,,,,不完全,in_capture_20260921_KP00006166.pdf,1278,2026-09-21,既存ファイルから取り込み（タイトル未確認）,取得台帳のみ,タイトル;著者;出版社;底本刊行;ISBN;サブタイトル・シリーズ;eISBN;code,KinoDenの書誌詳細（機関URL/bookdetail/p/このProductID）を開き、タイトル・著者・出版社・底本刊行・ISBN・eISBN・シリーズを転記する。詳細画面に無い項目は空のままにする / 取得元が分かればcodeを入れる。北海道立図書館なら library.pref.hokkaido。分からなければ空のまま / キャプチャが途中。取り直したら pages と status を更新する
KP00006167,,,未確認,,,,,,,,取得済,capture_20260922_KP00006167.pdf,717,2026-09-22,既存ファイルから取り込み（タイトル未確認）,取得台帳のみ,タイトル;著者;出版社;底本刊行;ISBN;サブタイトル・シリーズ;eISBN;code,KinoDenの書誌詳細（機関URL/bookdetail/p/このProductID）を開き、タイトル・著者・出版社・底本刊行・ISBN・eISBN・シリーズを転記する。詳細画面に無い項目は空のままにする / 取得元が分かればcodeを入れる。北海道立図書館なら library.pref.hokkaido。分からなければ空のまま
KP00006168,,,未確認,,,,,,,,取得済,capture_20260922_KP00006168.pdf,761,2026-09-22,既存ファイルから取り込み（タイトル未確認）,取得台帳のみ,タイトル;著者;出版社;底本刊行;ISBN;サブタイトル・シリーズ;eISBN;code,KinoDenの書誌詳細（機関URL/bookdetail/p/このProductID）を開き、タイトル・著者・出版社・底本刊行・ISBN・eISBN・シリーズを転記する。詳細画面に無い項目は空のままにする / 取得元が分かればcodeを入れる。北海道立図書館なら library.pref.hokkaido。分からなければ空のまま
KP00006169,,,未確認,,,,,,,,取得済,capture_20260922_KP00006169.pdf,849,2026-09-22,既存ファイルから取り込み（タイトル未確認）,取得台帳のみ,タイトル;著者;出版社;底本刊行;ISBN;サブタイトル・シリーズ;eISBN;code,KinoDenの書誌詳細（機関URL/bookdetail/p/このProductID）を開き、タイトル・著者・出版社・底本刊行・ISBN・eISBN・シリーズを転記する。詳細画面に無い項目は空のままにする / 取得元が分かればcodeを入れる。北海道立図書館なら library.pref.hokkaido。分からなければ空のまま
KP00006178,,,未確認,,,,,,,,取得済,capture_20260921_KP00006178.pdf,317,2026-09-21,既存ファイルから取り込み（タイトル未確認）,取得台帳のみ,タイトル;著者;出版社;底本刊行;ISBN;サブタイトル・シリーズ;eISBN;code,KinoDenの書誌詳細（機関URL/bookdetail/p/このProductID）を開き、タイトル・著者・出版社・底本刊行・ISBN・eISBN・シリーズを転記する。詳細画面に無い項目は空のままにする / 取得元が分かればcodeを入れる。北海道立図書館なら library.pref.hokkaido。分からなければ空のまま
KP00006179,,,未確認,,,,,,,,取得済,capture_20260916_KP00006179.pdf,277,2026-09-16,既存ファイルから取り込み（タイトル未確認）,取得台帳のみ,タイトル;著者;出版社;底本刊行;ISBN;サブタイトル・シリーズ;eISBN;code,KinoDenの書誌詳細（機関URL/bookdetail/p/このProductID）を開き、タイトル・著者・出版社・底本刊行・ISBN・eISBN・シリーズを転記する。詳細画面に無い項目は空のままにする / 取得元が分かればcodeを入れる。北海道立図書館なら library.pref.hokkaido。分からなければ空のまま
KP00006180,,,未確認,,,,,,,,取得済,capture_20260916_KP00006180.pdf,313,2026-09-16,既存ファイルから取り込み（タイトル未確認）,取得台帳のみ,タイトル;著者;出版社;底本刊行;ISBN;サブタイトル・シリーズ;eISBN;code,KinoDenの書誌詳細（機関URL/bookdetail/p/このProductID）を開き、タイトル・著者・出版社・底本刊行・ISBN・eISBN・シリーズを転記する。詳細画面に無い項目は空のままにする / 取得元が分かればcodeを入れる。北海道立図書館なら library.pref.hokkaido。分からなければ空のまま
KP00006181,,,未確認,,,,,,,,取得済,capture_20260916_KP00006181.pdf,952,2026-09-16,既存ファイルから取り込み（タイトル未確認）,取得台帳のみ,タイトル;著者;出版社;底本刊行;ISBN;サブタイトル・シリーズ;eISBN;code,KinoDenの書誌詳細（機関URL/bookdetail/p/このProductID）を開き、タイトル・著者・出版社・底本刊行・ISBN・eISBN・シリーズを転記する。詳細画面に無い項目は空のままにする / 取得元が分かればcodeを入れる。北海道立図書館なら library.pref.hokkaido。分からなければ空のまま
KP00006183,,,未確認,,,,,,,,取得済,capture_20260922_KP00006183.pdf,381,2026-09-22,既存ファイルから取り込み（タイトル未確認）,取得台帳のみ,タイトル;著者;出版社;底本刊行;ISBN;サブタイトル・シリーズ;eISBN;code,KinoDenの書誌詳細（機関URL/bookdetail/p/このProductID）を開き、タイトル・著者・出版社・底本刊行・ISBN・eISBN・シリーズを転記する。詳細画面に無い項目は空のままにする / 取得元が分かればcodeを入れる。北海道立図書館なら library.pref.hokkaido。分からなければ空のまま
KP00006329,94,生物の大きさはどのようにして決まるのか,検索リスト,ゾウとネズミの違いを生む遺伝子 DOJIN選書 056,大島靖美,化学同人,2013-11,9784759813562,9784759827439,library.pref.hokkaido,未取得,,,,,検索リスト+取得台帳,pdf;pages;captured_at,取得したら pdf・pages・captured_at を記入し、status を取得済か不完全に更新する
KP00009705,114,生物学の哲学入門,検索リスト,An introduction to philosophy of biology,森元良太 田中泉吏,勁草書房,2016-08,9784326102549,9784326994328,library.pref.hokkaido,未取得,,,,,検索リスト+取得台帳,pdf;pages;captured_at,取得したら pdf・pages・captured_at を記入し、status を取得済か不完全に更新する
KP00010178,141,植物レファレンス事典,検索リスト,,日外アソシエーツ編集部【編】,日外アソシエーツ,2004-01,9784816918216,9784816985454,library.pref.hokkaido,取得済,capture_20260916_KP00010178.pdf,1372,2026-09-16,,検索リスト+取得台帳,,対応不要
KP00010193,129,伝記ガイダンス 科学者3000人,検索リスト,,日外アソシエーツ【編】,日外アソシエーツ,2010-11,9784816922855,9784816985430,library.pref.hokkaido,未取得,,,,,検索リスト+取得台帳,pdf;pages;captured_at,取得したら pdf・pages・captured_at を記入し、status を取得済か不完全に更新する
KP00010200,138,同姓異読み人名辞典 西洋人編,検索リスト,,日外アソシエーツ【編】,日外アソシエーツ,2005-08,9784816919374,9784816982651,library.pref.hokkaido,未取得,,,,,検索リスト+取得台帳,pdf;pages;captured_at,取得したら pdf・pages・captured_at を記入し、status を取得済か不完全に更新する
KP00010214,136,海外交流史事典,検索リスト,,富田仁,日外アソシエーツ,1989-01,9784816908279,9784816982354,library.pref.hokkaido,未取得,,,,,検索リスト+取得台帳,pdf;pages;captured_at,取得したら pdf・pages・captured_at を記入し、status を取得済か不完全に更新する
KP00011282,,,未確認,,,,,,,,取得済,capture_20260917_KP00011282.pdf,441,2026-09-17,既存ファイルから取り込み（タイトル未確認）,取得台帳のみ,タイトル;著者;出版社;底本刊行;ISBN;サブタイトル・シリーズ;eISBN;code,KinoDenの書誌詳細（機関URL/bookdetail/p/このProductID）を開き、タイトル・著者・出版社・底本刊行・ISBN・eISBN・シリーズを転記する。詳細画面に無い項目は空のままにする / 取得元が分かればcodeを入れる。北海道立図書館なら library.pref.hokkaido。分からなければ空のまま
KP00012425,,,未確認,,,,,,,,不完全,in_capture_20260922_KP00012425.pdf,22,2026-09-22,既存ファイルから取り込み（タイトル未確認）,取得台帳のみ,タイトル;著者;出版社;底本刊行;ISBN;サブタイトル・シリーズ;eISBN;code,KinoDenの書誌詳細（機関URL/bookdetail/p/このProductID）を開き、タイトル・著者・出版社・底本刊行・ISBN・eISBN・シリーズを転記する。詳細画面に無い項目は空のままにする / 取得元が分かればcodeを入れる。北海道立図書館なら library.pref.hokkaido。分からなければ空のまま / キャプチャが途中。取り直したら pages と status を更新する
KP00013404,76,鹿と日本人,検索リスト,野生との共生1000年の知恵,田中淳夫,築地書館,2018-06,9784806715658,,library.pref.hokkaido,未取得,,,,,検索リスト+取得台帳,pdf;pages;captured_at,取得したら pdf・pages・captured_at を記入し、status を取得済か不完全に更新する
KP00014094,,,未確認,,,,,,,,取得済,capture_20260916_KP00014094.pdf,668,2026-09-16,既存ファイルから取り込み（タイトル未確認）,取得台帳のみ,タイトル;著者;出版社;底本刊行;ISBN;サブタイトル・シリーズ;eISBN;code,KinoDenの書誌詳細（機関URL/bookdetail/p/このProductID）を開き、タイトル・著者・出版社・底本刊行・ISBN・eISBN・シリーズを転記する。詳細画面に無い項目は空のままにする / 取得元が分かればcodeを入れる。北海道立図書館なら library.pref.hokkaido。分からなければ空のまま
KP00014095,,,未確認,,,,,,,,取得済,capture_20260916_KP00014095.pdf,642,2026-09-16,既存ファイルから取り込み（タイトル未確認）,取得台帳のみ,タイトル;著者;出版社;底本刊行;ISBN;サブタイトル・シリーズ;eISBN;code,KinoDenの書誌詳細（機関URL/bookdetail/p/このProductID）を開き、タイトル・著者・出版社・底本刊行・ISBN・eISBN・シリーズを転記する。詳細画面に無い項目は空のままにする / 取得元が分かればcodeを入れる。北海道立図書館なら library.pref.hokkaido。分からなければ空のまま
KP00014096,,,未確認,,,,,,,,取得済,capture_20260916_KP00014096.pdf,606,2026-09-16,既存ファイルから取り込み（タイトル未確認）,取得台帳のみ,タイトル;著者;出版社;底本刊行;ISBN;サブタイトル・シリーズ;eISBN;code,KinoDenの書誌詳細（機関URL/bookdetail/p/このProductID）を開き、タイトル・著者・出版社・底本刊行・ISBN・eISBN・シリーズを転記する。詳細画面に無い項目は空のままにする / 取得元が分かればcodeを入れる。北海道立図書館なら library.pref.hokkaido。分からなければ空のまま
KP00014097,,,未確認,,,,,,,,取得済,capture_20260916_KP00014097.pdf,608,2026-09-16,既存ファイルから取り込み（タイトル未確認）,取得台帳のみ,タイトル;著者;出版社;底本刊行;ISBN;サブタイトル・シリーズ;eISBN;code,KinoDenの書誌詳細（機関URL/bookdetail/p/このProductID）を開き、タイトル・著者・出版社・底本刊行・ISBN・eISBN・シリーズを転記する。詳細画面に無い項目は空のままにする / 取得元が分かればcodeを入れる。北海道立図書館なら library.pref.hokkaido。分からなければ空のまま
KP00014098,,,未確認,,,,,,,,取得済,capture_20260916_KP00014098.pdf,908,2026-09-16,既存ファイルから取り込み（タイトル未確認）,取得台帳のみ,タイトル;著者;出版社;底本刊行;ISBN;サブタイトル・シリーズ;eISBN;code,KinoDenの書誌詳細（機関URL/bookdetail/p/このProductID）を開き、タイトル・著者・出版社・底本刊行・ISBN・eISBN・シリーズを転記する。詳細画面に無い項目は空のままにする / 取得元が分かればcodeを入れる。北海道立図書館なら library.pref.hokkaido。分からなければ空のまま
KP00014277,115,江戸の本屋さん,検索リスト,近世文化史の側面 平凡社ライブラリー 685,今田洋三,平凡社,2009-11,9784582766851,9784256971109,library.pref.hokkaido,未取得,,,,,検索リスト+取得台帳,pdf;pages;captured_at,取得したら pdf・pages・captured_at を記入し、status を取得済か不完全に更新する
KP00014713,113,暮らしのなかのニセ科学,検索リスト,平凡社新書 847,左巻健男,平凡社,2017-06,9784582858471,9784256975022,library.pref.hokkaido,未取得,,,,,検索リスト+取得台帳,pdf;pages;captured_at,取得したら pdf・pages・captured_at を記入し、status を取得済か不完全に更新する
KP00014791,97,岩波講座日本歴史 第１巻,検索リスト,原始・古代 1,大津透 桜井英治 藤井譲治 吉田裕 李成市【編】,岩波書店,2013-11,9784000113212,9784007101656,library.pref.hokkaido,未取得,,,,,検索リスト+取得台帳,pdf;pages;captured_at,取得したら pdf・pages・captured_at を記入し、status を取得済か不完全に更新する
KP00016144,140,全訂増補版 メダカ学全書,検索リスト,,岩松鷹司,大学教育出版,2018-07,9784864294829,9784864299343,library.pref.hokkaido,未取得,,,,,検索リスト+取得台帳,pdf;pages;captured_at,取得したら pdf・pages・captured_at を記入し、status を取得済か不完全に更新する
KP00016530,133,日本のタケ亜科植物,検索リスト,原色植物分類図鑑,小林幹夫,北隆館,2017-04,9784832610040,,library.pref.hokkaido,取得済,capture_20260916_KP00016530.pdf,441,2026-09-16,,検索リスト+取得台帳,,対応不要
KP00016533,,,未確認,,,,,,,,取得済,capture_20260921_KP00016533.pdf,867,2026-09-21,既存ファイルから取り込み（タイトル未確認）,取得台帳のみ,タイトル;著者;出版社;底本刊行;ISBN;サブタイトル・シリーズ;eISBN;code,KinoDenの書誌詳細（機関URL/bookdetail/p/このProductID）を開き、タイトル・著者・出版社・底本刊行・ISBN・eISBN・シリーズを転記する。詳細画面に無い項目は空のままにする / 取得元が分かればcodeを入れる。北海道立図書館なら library.pref.hokkaido。分からなければ空のまま
KP00016534,,,未確認,,,,,,,,取得済,capture_20260920_KP00016534.pdf,883,2026-09-20,既存ファイルから取り込み（タイトル未確認）,取得台帳のみ,タイトル;著者;出版社;底本刊行;ISBN;サブタイトル・シリーズ;eISBN;code,KinoDenの書誌詳細（機関URL/bookdetail/p/このProductID）を開き、タイトル・著者・出版社・底本刊行・ISBN・eISBN・シリーズを転記する。詳細画面に無い項目は空のままにする / 取得元が分かればcodeを入れる。北海道立図書館なら library.pref.hokkaido。分からなければ空のまま
KP00017529,,,未確認,,,,,,,,取得済,capture_20260917_KP00017529.pdf,467,2026-09-17,既存ファイルから取り込み（タイトル未確認）,取得台帳のみ,タイトル;著者;出版社;底本刊行;ISBN;サブタイトル・シリーズ;eISBN;code,KinoDenの書誌詳細（機関URL/bookdetail/p/このProductID）を開き、タイトル・著者・出版社・底本刊行・ISBN・eISBN・シリーズを転記する。詳細画面に無い項目は空のままにする / 取得元が分かればcodeを入れる。北海道立図書館なら library.pref.hokkaido。分からなければ空のまま
KP00017751,98,日本産アリ類図鑑,検索リスト,,寺山守 久保田敏 江口克之,朝倉書店,2014-07,9784254171563,,library.pref.hokkaido,取得済,capture_20260921_KP00017751.pdf,336,2026-09-21,,検索リスト+取得台帳,,対応不要
KP00017837,,,未確認,,,,,,,,取得済,capture_20260917_KP00017837.pdf,440,2026-09-17,既存ファイルから取り込み（タイトル未確認）,取得台帳のみ,タイトル;著者;出版社;底本刊行;ISBN;サブタイトル・シリーズ;eISBN;code,KinoDenの書誌詳細（機関URL/bookdetail/p/このProductID）を開き、タイトル・著者・出版社・底本刊行・ISBN・eISBN・シリーズを転記する。詳細画面に無い項目は空のままにする / 取得元が分かればcodeを入れる。北海道立図書館なら library.pref.hokkaido。分からなければ空のまま
KP00017844,,,未確認,,,,,,,,取得済,capture_20260917_KP00017844.pdf,444,2026-09-17,既存ファイルから取り込み（タイトル未確認）,取得台帳のみ,タイトル;著者;出版社;底本刊行;ISBN;サブタイトル・シリーズ;eISBN;code,KinoDenの書誌詳細（機関URL/bookdetail/p/このProductID）を開き、タイトル・著者・出版社・底本刊行・ISBN・eISBN・シリーズを転記する。詳細画面に無い項目は空のままにする / 取得元が分かればcodeを入れる。北海道立図書館なら library.pref.hokkaido。分からなければ空のまま
KP00017867,,,未確認,,,,,,,,取得済,capture_20260917_KP00017867.pdf,232,2026-09-17,既存ファイルから取り込み（タイトル未確認）,取得台帳のみ,タイトル;著者;出版社;底本刊行;ISBN;サブタイトル・シリーズ;eISBN;code,KinoDenの書誌詳細（機関URL/bookdetail/p/このProductID）を開き、タイトル・著者・出版社・底本刊行・ISBN・eISBN・シリーズを転記する。詳細画面に無い項目は空のままにする / 取得元が分かればcodeを入れる。北海道立図書館なら library.pref.hokkaido。分からなければ空のまま
KP00017869,,,未確認,,,,,,,,取得済,capture_20260917_KP00017869.pdf,941,2026-09-17,既存ファイルから取り込み（タイトル未確認）,取得台帳のみ,タイトル;著者;出版社;底本刊行;ISBN;サブタイトル・シリーズ;eISBN;code,KinoDenの書誌詳細（機関URL/bookdetail/p/このProductID）を開き、タイトル・著者・出版社・底本刊行・ISBN・eISBN・シリーズを転記する。詳細画面に無い項目は空のままにする / 取得元が分かればcodeを入れる。北海道立図書館なら library.pref.hokkaido。分からなければ空のまま
KP00017882,66,造林学（第四版）,検索リスト,,丹下健 小池孝良【編】,朝倉書店,2016-08,9784254470512,,library.pref.hokkaido,未取得,,,,,検索リスト+取得台帳,pdf;pages;captured_at,取得したら pdf・pages・captured_at を記入し、status を取得済か不完全に更新する
KP00017908,103,ダニのはなし,検索リスト,人間との関わり,島野智之 高久元【編】,朝倉書店,2016-01,9784254640434,,library.pref.hokkaido,未取得,,,,,検索リスト+取得台帳,pdf;pages;captured_at,取得したら pdf・pages・captured_at を記入し、status を取得済か不完全に更新する
KP00018455,,,未確認,,,,,,,,取得済,capture_20260916_KP00018455.pdf,1009,2026-09-16,既存ファイルから取り込み（タイトル未確認）,取得台帳のみ,タイトル;著者;出版社;底本刊行;ISBN;サブタイトル・シリーズ;eISBN;code,KinoDenの書誌詳細（機関URL/bookdetail/p/このProductID）を開き、タイトル・著者・出版社・底本刊行・ISBN・eISBN・シリーズを転記する。詳細画面に無い項目は空のままにする / 取得元が分かればcodeを入れる。北海道立図書館なら library.pref.hokkaido。分からなければ空のまま
KP00019289,65,草地と日本人【増補版】,検索リスト,縄文人からつづく草地利用と生態系,須賀丈 岡本透 丑丸敦史,築地書館,2019-02,9784806715764,,library.pref.hokkaido,未取得,,,,,検索リスト+取得台帳,pdf;pages;captured_at,取得したら pdf・pages・captured_at を記入し、status を取得済か不完全に更新する
KP00020497,123,ネコ・かわいい殺し屋,検索リスト,生態系への影響を科学する,ピーター・P・マラ クリス・サンテラ【著】 岡奈理子 山田文雄 塩野﨑和美 石井信夫【訳】,築地書館,2019-04,9784806715801,,library.pref.hokkaido,未取得,,,,,検索リスト+取得台帳,pdf;pages;captured_at,取得したら pdf・pages・captured_at を記入し、status を取得済か不完全に更新する
KP00020828,79,郷土・地域をしらべる レファレンスブック,検索リスト,,日外アソシエーツ【編】,日外アソシエーツ,2018-09,9784816927393,9784816986987,library.pref.hokkaido,未取得,,,,,検索リスト+取得台帳,pdf;pages;captured_at,取得したら pdf・pages・captured_at を記入し、status を取得済か不完全に更新する
KP00022148,73,樹木医学の基礎講座,検索リスト,,樹木医学会【編】,海青社,2014-12,9784860992972,9784860999391,library.pref.hokkaido,未取得,,,,,検索リスト+取得台帳,pdf;pages;captured_at,取得したら pdf・pages・captured_at を記入し、status を取得済か不完全に更新する
KP00022176,,,未確認,,,,,,,,取得済,capture_20260917_KP00022176.pdf,489,2026-09-17,既存ファイルから取り込み（タイトル未確認）,取得台帳のみ,タイトル;著者;出版社;底本刊行;ISBN;サブタイトル・シリーズ;eISBN;code,KinoDenの書誌詳細（機関URL/bookdetail/p/このProductID）を開き、タイトル・著者・出版社・底本刊行・ISBN・eISBN・シリーズを転記する。詳細画面に無い項目は空のままにする / 取得元が分かればcodeを入れる。北海道立図書館なら library.pref.hokkaido。分からなければ空のまま
KP00022312,,,未確認,,,,,,,,不完全,in_capture_20260922_KP00022312.pdf,2,2026-09-22,既存ファイルから取り込み（タイトル未確認）,取得台帳のみ,タイトル;著者;出版社;底本刊行;ISBN;サブタイトル・シリーズ;eISBN;code,KinoDenの書誌詳細（機関URL/bookdetail/p/このProductID）を開き、タイトル・著者・出版社・底本刊行・ISBN・eISBN・シリーズを転記する。詳細画面に無い項目は空のままにする / 取得元が分かればcodeを入れる。北海道立図書館なら library.pref.hokkaido。分からなければ空のまま / キャプチャが途中。取り直したら pages と status を更新する
KP00024575,135,生き物と音の事典,検索リスト,,生物音響学会【編】,朝倉書店,2019-11,9784254171679,,library.pref.hokkaido,未取得,,,,,検索リスト+取得台帳,pdf;pages;captured_at,取得したら pdf・pages・captured_at を記入し、status を取得済か不完全に更新する
KP00024795,,,未確認,,,,,,,,取得済,capture_20260922_KP00024795.pdf,243,2026-09-22,既存ファイルから取り込み（タイトル未確認）,取得台帳のみ,タイトル;著者;出版社;底本刊行;ISBN;サブタイトル・シリーズ;eISBN;code,KinoDenの書誌詳細（機関URL/bookdetail/p/このProductID）を開き、タイトル・著者・出版社・底本刊行・ISBN・eISBN・シリーズを転記する。詳細画面に無い項目は空のままにする / 取得元が分かればcodeを入れる。北海道立図書館なら library.pref.hokkaido。分からなければ空のまま
KP00024796,,,未確認,,,,,,,,取得済,capture_20260921_KP00024796_3.pdf,242,2026-09-21,既存ファイルから取り込み（タイトル未確認）,取得台帳のみ,タイトル;著者;出版社;底本刊行;ISBN;サブタイトル・シリーズ;eISBN;code,KinoDenの書誌詳細（機関URL/bookdetail/p/このProductID）を開き、タイトル・著者・出版社・底本刊行・ISBN・eISBN・シリーズを転記する。詳細画面に無い項目は空のままにする / 取得元が分かればcodeを入れる。北海道立図書館なら library.pref.hokkaido。分からなければ空のまま
KP00025048,,,未確認,,,,,,,,取得済,capture_20260922_KP00025048.pdf,204,2026-09-22,既存ファイルから取り込み（タイトル未確認）,取得台帳のみ,タイトル;著者;出版社;底本刊行;ISBN;サブタイトル・シリーズ;eISBN;code,KinoDenの書誌詳細（機関URL/bookdetail/p/このProductID）を開き、タイトル・著者・出版社・底本刊行・ISBN・eISBN・シリーズを転記する。詳細画面に無い項目は空のままにする / 取得元が分かればcodeを入れる。北海道立図書館なら library.pref.hokkaido。分からなければ空のまま
KP00025124,64,樹に聴く,検索リスト,香る落葉・操る菌類・変幻自在な樹形,清和研二,築地書館,2019-10,9784806715900,,library.pref.hokkaido,未取得,,,,,検索リスト+取得台帳,pdf;pages;captured_at,取得したら pdf・pages・captured_at を記入し、status を取得済か不完全に更新する
KP00028133,93,ホタルと人と文化,検索リスト,,おかやま環境ネットワーク【編】 梶田博司 青山勲【著】,大学教育出版,2010-12,9784864290289,9784866927121,library.pref.hokkaido,未取得,,,,,検索リスト+取得台帳,pdf;pages;captured_at,取得したら pdf・pages・captured_at を記入し、status を取得済か不完全に更新する
KP00028192,,,未確認,,,,,,,,取得済,capture_20260922_KP00028192.pdf,465,2026-09-22,既存ファイルから取り込み（タイトル未確認）,取得台帳のみ,タイトル;著者;出版社;底本刊行;ISBN;サブタイトル・シリーズ;eISBN;code,KinoDenの書誌詳細（機関URL/bookdetail/p/このProductID）を開き、タイトル・著者・出版社・底本刊行・ISBN・eISBN・シリーズを転記する。詳細画面に無い項目は空のままにする / 取得元が分かればcodeを入れる。北海道立図書館なら library.pref.hokkaido。分からなければ空のまま
KP00029944,,,未確認,,,,,,,,取得済,capture_20260922_KP00029944.pdf,146,2026-09-22,既存ファイルから取り込み（タイトル未確認）,取得台帳のみ,タイトル;著者;出版社;底本刊行;ISBN;サブタイトル・シリーズ;eISBN;code,KinoDenの書誌詳細（機関URL/bookdetail/p/このProductID）を開き、タイトル・著者・出版社・底本刊行・ISBN・eISBN・シリーズを転記する。詳細画面に無い項目は空のままにする / 取得元が分かればcodeを入れる。北海道立図書館なら library.pref.hokkaido。分からなければ空のまま
KP00030375,,,未確認,,,,,,,,不完全,in_capture_20260917_KP00030375.pdf,1207,2026-09-17,既存ファイルから取り込み（タイトル未確認）,取得台帳のみ,タイトル;著者;出版社;底本刊行;ISBN;サブタイトル・シリーズ;eISBN;code,KinoDenの書誌詳細（機関URL/bookdetail/p/このProductID）を開き、タイトル・著者・出版社・底本刊行・ISBN・eISBN・シリーズを転記する。詳細画面に無い項目は空のままにする / 取得元が分かればcodeを入れる。北海道立図書館なら library.pref.hokkaido。分からなければ空のまま / キャプチャが途中。取り直したら pages と status を更新する
KP00031006,,,未確認,,,,,,,,取得済,capture_20260921_KP00031006.pdf,217,2026-09-21,既存ファイルから取り込み（タイトル未確認）,取得台帳のみ,タイトル;著者;出版社;底本刊行;ISBN;サブタイトル・シリーズ;eISBN;code,KinoDenの書誌詳細（機関URL/bookdetail/p/このProductID）を開き、タイトル・著者・出版社・底本刊行・ISBN・eISBN・シリーズを転記する。詳細画面に無い項目は空のままにする / 取得元が分かればcodeを入れる。北海道立図書館なら library.pref.hokkaido。分からなければ空のまま
KP00031398,77,農地・草地の歴史と未来,検索リスト,人と生態系のダイナミクス 1,宮下直 西廣淳,朝倉書店,2019-07,9784254185416,,library.pref.hokkaido,未取得,,,,,検索リスト+取得台帳,pdf;pages;captured_at,取得したら pdf・pages・captured_at を記入し、status を取得済か不完全に更新する
KP00031462,74,海の極小！いきもの図鑑,検索リスト,誰も知らない共生・寄生の不思議,星野修,築地書館,2020-05,9784806715993,,library.pref.hokkaido,取得済,capture_20260921_KP00031462.pdf,177,2026-09-21,,検索リスト+取得台帳,,対応不要
KP00031534,,,未確認,,,,,,,,取得済,capture_20260917_KP00031534.pdf,258,2026-09-17,既存ファイルから取り込み（タイトル未確認）,取得台帳のみ,タイトル;著者;出版社;底本刊行;ISBN;サブタイトル・シリーズ;eISBN;code,KinoDenの書誌詳細（機関URL/bookdetail/p/このProductID）を開き、タイトル・著者・出版社・底本刊行・ISBN・eISBN・シリーズを転記する。詳細画面に無い項目は空のままにする / 取得元が分かればcodeを入れる。北海道立図書館なら library.pref.hokkaido。分からなければ空のまま
KP00031825,127,縄文時代の植物利用と家屋害虫,検索リスト,圧痕法のイノベーション,小畑弘己,吉川弘文館,2019-12,9784642093545,9784642213264,library.pref.hokkaido,未取得,,,,,検索リスト+取得台帳,pdf;pages;captured_at,取得したら pdf・pages・captured_at を記入し、status を取得済か不完全に更新する
KP00031833,89,土の中の美しい生き物たち,検索リスト,超拡大写真で見る不思議な生態,萩原康夫 吉田譲 島野智之【編著】 塚本勝也 前原忠【著】,朝倉書店,2019-12,9784254171716,,library.pref.hokkaido,取得済,土の中の美しい生き物たち.pdf,172,2026-08-14,,検索リスト+取得台帳,,対応不要
KP00032315,78,楽市楽座はあったのか,検索リスト,中世から近世へ,長澤伸樹,平凡社,2019-02,9784582477443,9784256980521,library.pref.hokkaido,未取得,,,,,検索リスト+取得台帳,pdf;pages;captured_at,取得したら pdf・pages・captured_at を記入し、status を取得済か不完全に更新する
KP00032855,69,在来野草による緑化ハンドブック,検索リスト,身近な自然の植生修復,根本正之 山田晋 田淵誠也【編】,朝倉書店,2020-05,9784254420425,,library.pref.hokkaido,取得済,capture_20260916_KP00032855.pdf,432,2026-09-16,,検索リスト+取得台帳,,対応不要
KP00041268,122,ミツバチの会議,検索リスト,なぜ常に最良の意思決定ができるのか,トーマス・シーリー【著】 片岡夏実【訳】,築地書館,2013-10,9784806714620,,library.pref.hokkaido,未取得,,,,,検索リスト+取得台帳,pdf;pages;captured_at,取得したら pdf・pages・captured_at を記入し、status を取得済か不完全に更新する
KP00041283,,,未確認,,,,,,,,取得済,capture_20260916_KP00041283.pdf,509,2026-09-16,既存ファイルから取り込み（タイトル未確認）,取得台帳のみ,タイトル;著者;出版社;底本刊行;ISBN;サブタイトル・シリーズ;eISBN;code,KinoDenの書誌詳細（機関URL/bookdetail/p/このProductID）を開き、タイトル・著者・出版社・底本刊行・ISBN・eISBN・シリーズを転記する。詳細画面に無い項目は空のままにする / 取得元が分かればcodeを入れる。北海道立図書館なら library.pref.hokkaido。分からなければ空のまま
KP00041399,,,未確認,,,,,,,,取得済,capture_20260917_KP00041399.pdf,1154,2026-09-17,既存ファイルから取り込み（タイトル未確認）,取得台帳のみ,タイトル;著者;出版社;底本刊行;ISBN;サブタイトル・シリーズ;eISBN;code,KinoDenの書誌詳細（機関URL/bookdetail/p/このProductID）を開き、タイトル・著者・出版社・底本刊行・ISBN・eISBN・シリーズを転記する。詳細画面に無い項目は空のままにする / 取得元が分かればcodeを入れる。北海道立図書館なら library.pref.hokkaido。分からなければ空のまま
KP00041400,,,未確認,,,,,,,,取得済,capture_20260917_KP00041400.pdf,933,2026-09-17,既存ファイルから取り込み（タイトル未確認）,取得台帳のみ,タイトル;著者;出版社;底本刊行;ISBN;サブタイトル・シリーズ;eISBN;code,KinoDenの書誌詳細（機関URL/bookdetail/p/このProductID）を開き、タイトル・著者・出版社・底本刊行・ISBN・eISBN・シリーズを転記する。詳細画面に無い項目は空のままにする / 取得元が分かればcodeを入れる。北海道立図書館なら library.pref.hokkaido。分からなければ空のまま
KP00041404,,,未確認,,,,,,,,取得済,capture_20260917_KP00041404.pdf,951,2026-09-17,既存ファイルから取り込み（タイトル未確認）,取得台帳のみ,タイトル;著者;出版社;底本刊行;ISBN;サブタイトル・シリーズ;eISBN;code,KinoDenの書誌詳細（機関URL/bookdetail/p/このProductID）を開き、タイトル・著者・出版社・底本刊行・ISBN・eISBN・シリーズを転記する。詳細画面に無い項目は空のままにする / 取得元が分かればcodeを入れる。北海道立図書館なら library.pref.hokkaido。分からなければ空のまま
KP00041406,,,未確認,,,,,,,,取得済,capture_20260917_KP00041406.pdf,935,2026-09-17,既存ファイルから取り込み（タイトル未確認）,取得台帳のみ,タイトル;著者;出版社;底本刊行;ISBN;サブタイトル・シリーズ;eISBN;code,KinoDenの書誌詳細（機関URL/bookdetail/p/このProductID）を開き、タイトル・著者・出版社・底本刊行・ISBN・eISBN・シリーズを転記する。詳細画面に無い項目は空のままにする / 取得元が分かればcodeを入れる。北海道立図書館なら library.pref.hokkaido。分からなければ空のまま
KP00041615,,,未確認,,,,,,,,取得済,capture_20260916_KP00041615.pdf,538,2026-09-16,既存ファイルから取り込み（タイトル未確認）,取得台帳のみ,タイトル;著者;出版社;底本刊行;ISBN;サブタイトル・シリーズ;eISBN;code,KinoDenの書誌詳細（機関URL/bookdetail/p/このProductID）を開き、タイトル・著者・出版社・底本刊行・ISBN・eISBN・シリーズを転記する。詳細画面に無い項目は空のままにする / 取得元が分かればcodeを入れる。北海道立図書館なら library.pref.hokkaido。分からなければ空のまま
KP00041620,70,葉を見て枝を見て,検索リスト,枝葉末節の生態学 共立スマートセレクション 28,菊沢喜八郎【著】 巌佐庸【コーディネーター】,共立出版,2018-10,9784320009288,9784320997769,library.pref.hokkaido,未取得,,,,,検索リスト+取得台帳,pdf;pages;captured_at,取得したら pdf・pages・captured_at を記入し、status を取得済か不完全に更新する
KP00041638,,,未確認,,,,,,,,取得済,capture_20260920_KP00041638.pdf,290,2026-09-20,既存ファイルから取り込み（タイトル未確認）,取得台帳のみ,タイトル;著者;出版社;底本刊行;ISBN;サブタイトル・シリーズ;eISBN;code,KinoDenの書誌詳細（機関URL/bookdetail/p/このProductID）を開き、タイトル・著者・出版社・底本刊行・ISBN・eISBN・シリーズを転記する。詳細画面に無い項目は空のままにする / 取得元が分かればcodeを入れる。北海道立図書館なら library.pref.hokkaido。分からなければ空のまま
KP00041668,,,未確認,,,,,,,,取得済,capture_20260917_KP00041668.pdf,273,2026-09-17,既存ファイルから取り込み（タイトル未確認）,取得台帳のみ,タイトル;著者;出版社;底本刊行;ISBN;サブタイトル・シリーズ;eISBN;code,KinoDenの書誌詳細（機関URL/bookdetail/p/このProductID）を開き、タイトル・著者・出版社・底本刊行・ISBN・eISBN・シリーズを転記する。詳細画面に無い項目は空のままにする / 取得元が分かればcodeを入れる。北海道立図書館なら library.pref.hokkaido。分からなければ空のまま
KP00041749,91,森林と文化,検索リスト,森とともに生きる民俗知のゆくえ 森林科学シリーズ 12,蛯原一平 齋藤暖生 生方史数【編】,共立出版,2019-05,9784320058286,9784320999169,library.pref.hokkaido,未取得,,,,,検索リスト+取得台帳,pdf;pages;captured_at,取得したら pdf・pages・captured_at を記入し、status を取得済か不完全に更新する
KP00041863,,,未確認,,,,,,,library.pref.hokkaido,取得済,capture_20260914_KP00041863.pdf,144,2026-09-14,既存ファイルから取り込み（タイトル未確認）,取得台帳のみ,タイトル;著者;出版社;底本刊行;ISBN;サブタイトル・シリーズ;eISBN,KinoDenの書誌詳細（機関URL/bookdetail/p/このProductID）を開き、タイトル・著者・出版社・底本刊行・ISBN・eISBN・シリーズを転記する。詳細画面に無い項目は空のままにする
KP00041928,,,未確認,,,,,,,,取得済,capture_20260921_KP00041928.pdf,169,2026-09-21,既存ファイルから取り込み（タイトル未確認）,取得台帳のみ,タイトル;著者;出版社;底本刊行;ISBN;サブタイトル・シリーズ;eISBN;code,KinoDenの書誌詳細（機関URL/bookdetail/p/このProductID）を開き、タイトル・著者・出版社・底本刊行・ISBN・eISBN・シリーズを転記する。詳細画面に無い項目は空のままにする / 取得元が分かればcodeを入れる。北海道立図書館なら library.pref.hokkaido。分からなければ空のまま
KP00041978,,,未確認,,,,,,,,取得済,capture_20260921_KP00041978.pdf,130,2026-09-21,既存ファイルから取り込み（タイトル未確認）,取得台帳のみ,タイトル;著者;出版社;底本刊行;ISBN;サブタイトル・シリーズ;eISBN;code,KinoDenの書誌詳細（機関URL/bookdetail/p/このProductID）を開き、タイトル・著者・出版社・底本刊行・ISBN・eISBN・シリーズを転記する。詳細画面に無い項目は空のままにする / 取得元が分かればcodeを入れる。北海道立図書館なら library.pref.hokkaido。分からなければ空のまま
KP00042236,,,未確認,,,,,,,,取得済,capture_20260916_KP00042236.pdf,513,2026-09-16,既存ファイルから取り込み（タイトル未確認）,取得台帳のみ,タイトル;著者;出版社;底本刊行;ISBN;サブタイトル・シリーズ;eISBN;code,KinoDenの書誌詳細（機関URL/bookdetail/p/このProductID）を開き、タイトル・著者・出版社・底本刊行・ISBN・eISBN・シリーズを転記する。詳細画面に無い項目は空のままにする / 取得元が分かればcodeを入れる。北海道立図書館なら library.pref.hokkaido。分からなければ空のまま
KP00042250,,,未確認,,,,,,,,取得済,capture_20260916_KP00042250.pdf,722,2026-09-16,既存ファイルから取り込み（タイトル未確認）,取得台帳のみ,タイトル;著者;出版社;底本刊行;ISBN;サブタイトル・シリーズ;eISBN;code,KinoDenの書誌詳細（機関URL/bookdetail/p/このProductID）を開き、タイトル・著者・出版社・底本刊行・ISBN・eISBN・シリーズを転記する。詳細画面に無い項目は空のままにする / 取得元が分かればcodeを入れる。北海道立図書館なら library.pref.hokkaido。分からなければ空のまま
KP00042251,,,未確認,,,,,,,,取得済,capture_20260916_KP00042251.pdf,722,2026-09-16,既存ファイルから取り込み（タイトル未確認）,取得台帳のみ,タイトル;著者;出版社;底本刊行;ISBN;サブタイトル・シリーズ;eISBN;code,KinoDenの書誌詳細（機関URL/bookdetail/p/このProductID）を開き、タイトル・著者・出版社・底本刊行・ISBN・eISBN・シリーズを転記する。詳細画面に無い項目は空のままにする / 取得元が分かればcodeを入れる。北海道立図書館なら library.pref.hokkaido。分からなければ空のまま
KP00042252,,,未確認,,,,,,,,取得済,capture_20260916_KP00042252.pdf,721,2026-09-16,既存ファイルから取り込み（タイトル未確認）,取得台帳のみ,タイトル;著者;出版社;底本刊行;ISBN;サブタイトル・シリーズ;eISBN;code,KinoDenの書誌詳細（機関URL/bookdetail/p/このProductID）を開き、タイトル・著者・出版社・底本刊行・ISBN・eISBN・シリーズを転記する。詳細画面に無い項目は空のままにする / 取得元が分かればcodeを入れる。北海道立図書館なら library.pref.hokkaido。分からなければ空のまま
KP00042281,,,未確認,,,,,,,,取得済,capture_20260922_KP00042281.pdf,266,2026-09-22,既存ファイルから取り込み（タイトル未確認）,取得台帳のみ,タイトル;著者;出版社;底本刊行;ISBN;サブタイトル・シリーズ;eISBN;code,KinoDenの書誌詳細（機関URL/bookdetail/p/このProductID）を開き、タイトル・著者・出版社・底本刊行・ISBN・eISBN・シリーズを転記する。詳細画面に無い項目は空のままにする / 取得元が分かればcodeを入れる。北海道立図書館なら library.pref.hokkaido。分からなければ空のまま
KP00042284,117,クマ問題を考える,検索リスト,野生動物生息域拡大期のリテラシー ヤマケイ新書,田口洋美,山と溪谷社,2017-05,9784635510424,,library.pref.hokkaido,未取得,,,,,検索リスト+取得台帳,pdf;pages;captured_at,取得したら pdf・pages・captured_at を記入し、status を取得済か不完全に更新する
KP00042293,,,未確認,,,,,,,library.pref.hokkaido,取得済,capture_20260915_KP00042293.pdf,145,2026-09-15,,取得台帳のみ,タイトル;著者;出版社;底本刊行;ISBN;サブタイトル・シリーズ;eISBN,KinoDenの書誌詳細（機関URL/bookdetail/p/このProductID）を開き、タイトル・著者・出版社・底本刊行・ISBN・eISBN・シリーズを転記する。詳細画面に無い項目は空のままにする
KP00042306,,,未確認,,,,,,,,取得済,capture_20260921_KP00042306.pdf,130,2026-09-21,既存ファイルから取り込み（タイトル未確認）,取得台帳のみ,タイトル;著者;出版社;底本刊行;ISBN;サブタイトル・シリーズ;eISBN;code,KinoDenの書誌詳細（機関URL/bookdetail/p/このProductID）を開き、タイトル・著者・出版社・底本刊行・ISBN・eISBN・シリーズを転記する。詳細画面に無い項目は空のままにする / 取得元が分かればcodeを入れる。北海道立図書館なら library.pref.hokkaido。分からなければ空のまま
KP00042386,,,未確認,,,,,,,,取得済,capture_20260922_KP00042386.pdf,177,2026-09-22,既存ファイルから取り込み（タイトル未確認）,取得台帳のみ,タイトル;著者;出版社;底本刊行;ISBN;サブタイトル・シリーズ;eISBN;code,KinoDenの書誌詳細（機関URL/bookdetail/p/このProductID）を開き、タイトル・著者・出版社・底本刊行・ISBN・eISBN・シリーズを転記する。詳細画面に無い項目は空のままにする / 取得元が分かればcodeを入れる。北海道立図書館なら library.pref.hokkaido。分からなければ空のまま
KP00042423,,,未確認,,,,,,,,取得済,capture_20260916_KP00042423.pdf,546,2026-09-16,既存ファイルから取り込み（タイトル未確認）,取得台帳のみ,タイトル;著者;出版社;底本刊行;ISBN;サブタイトル・シリーズ;eISBN;code,KinoDenの書誌詳細（機関URL/bookdetail/p/このProductID）を開き、タイトル・著者・出版社・底本刊行・ISBN・eISBN・シリーズを転記する。詳細画面に無い項目は空のままにする / 取得元が分かればcodeを入れる。北海道立図書館なら library.pref.hokkaido。分からなければ空のまま
KP00042483,131,日本百霊山,検索リスト,伝承と神話でたどる日本人の心の山 ヤマケイ新書,とよだ時,山と溪谷社,2016-09,9784635510387,,library.pref.hokkaido,未取得,,,,,検索リスト+取得台帳,pdf;pages;captured_at,取得したら pdf・pages・captured_at を記入し、status を取得済か不完全に更新する
KP00042486,112,鳥ってすごい！,検索リスト,ヤマケイ新書,樋口広芳,山と溪谷社,2016-03,9784635510349,,library.pref.hokkaido,未取得,,,,,検索リスト+取得台帳,pdf;pages;captured_at,取得したら pdf・pages・captured_at を記入し、status を取得済か不完全に更新する
KP00042494,63,シカ問題を考える,検索リスト,バランスを崩した自然の行方 ヤマケイ新書,高槻成紀,山と溪谷社,2015-12,9784635510097,,library.pref.hokkaido,未取得,,,,,検索リスト+取得台帳,pdf;pages;captured_at,取得したら pdf・pages・captured_at を記入し、status を取得済か不完全に更新する
KP00042522,,,未確認,,,,,,,,取得済,capture_20260921_KP00042522.pdf,131,2026-09-21,既存ファイルから取り込み（タイトル未確認）,取得台帳のみ,タイトル;著者;出版社;底本刊行;ISBN;サブタイトル・シリーズ;eISBN;code,KinoDenの書誌詳細（機関URL/bookdetail/p/このProductID）を開き、タイトル・著者・出版社・底本刊行・ISBN・eISBN・シリーズを転記する。詳細画面に無い項目は空のままにする / 取得元が分かればcodeを入れる。北海道立図書館なら library.pref.hokkaido。分からなければ空のまま
KP00042524,,,未確認,,,,,,,,取得済,capture_20260921_KP00042524.pdf,132,2026-09-21,既存ファイルから取り込み（タイトル未確認）,取得台帳のみ,タイトル;著者;出版社;底本刊行;ISBN;サブタイトル・シリーズ;eISBN;code,KinoDenの書誌詳細（機関URL/bookdetail/p/このProductID）を開き、タイトル・著者・出版社・底本刊行・ISBN・eISBN・シリーズを転記する。詳細画面に無い項目は空のままにする / 取得元が分かればcodeを入れる。北海道立図書館なら library.pref.hokkaido。分からなければ空のまま
KP00042571,,,未確認,,,,,,,,不完全,in_capture_20260922_KP00042571.pdf,3,2026-09-22,既存ファイルから取り込み（タイトル未確認）,取得台帳のみ,タイトル;著者;出版社;底本刊行;ISBN;サブタイトル・シリーズ;eISBN;code,KinoDenの書誌詳細（機関URL/bookdetail/p/このProductID）を開き、タイトル・著者・出版社・底本刊行・ISBN・eISBN・シリーズを転記する。詳細画面に無い項目は空のままにする / 取得元が分かればcodeを入れる。北海道立図書館なら library.pref.hokkaido。分からなければ空のまま / キャプチャが途中。取り直したら pages と status を更新する
KP00042575,,,未確認,,,,,,,,不完全,in_capture_20260916_KP00042575.pdf,10,2026-09-16,既存ファイルから取り込み（タイトル未確認）,取得台帳のみ,タイトル;著者;出版社;底本刊行;ISBN;サブタイトル・シリーズ;eISBN;code,KinoDenの書誌詳細（機関URL/bookdetail/p/このProductID）を開き、タイトル・著者・出版社・底本刊行・ISBN・eISBN・シリーズを転記する。詳細画面に無い項目は空のままにする / 取得元が分かればcodeを入れる。北海道立図書館なら library.pref.hokkaido。分からなければ空のまま / キャプチャが途中。取り直したら pages と status を更新する
KP00042680,,,未確認,,,,,,,,取得済,capture_20260922_KP00042680.pdf,129,2026-09-22,既存ファイルから取り込み（タイトル未確認）,取得台帳のみ,タイトル;著者;出版社;底本刊行;ISBN;サブタイトル・シリーズ;eISBN;code,KinoDenの書誌詳細（機関URL/bookdetail/p/このProductID）を開き、タイトル・著者・出版社・底本刊行・ISBN・eISBN・シリーズを転記する。詳細画面に無い項目は空のままにする / 取得元が分かればcodeを入れる。北海道立図書館なら library.pref.hokkaido。分からなければ空のまま
KP00042704,111,唱歌「ふるさと」の生態学,検索リスト,ウサギはなぜいなくなったのか？ ヤマケイ新書,高槻成紀,山と溪谷社,2014-12,9784635510202,,library.pref.hokkaido,未取得,,,,,検索リスト+取得台帳,pdf;pages;captured_at,取得したら pdf・pages・captured_at を記入し、status を取得済か不完全に更新する
KP00042712,,,未確認,,,,,,,,取得済,capture_20260921_KP00042712.pdf,105,2026-09-21,既存ファイルから取り込み（タイトル未確認）,取得台帳のみ,タイトル;著者;出版社;底本刊行;ISBN;サブタイトル・シリーズ;eISBN;code,KinoDenの書誌詳細（機関URL/bookdetail/p/このProductID）を開き、タイトル・著者・出版社・底本刊行・ISBN・eISBN・シリーズを転記する。詳細画面に無い項目は空のままにする / 取得元が分かればcodeを入れる。北海道立図書館なら library.pref.hokkaido。分からなければ空のまま
KP00042882,108,人を襲うクマ,検索リスト,遭遇事例とその生態 ヤマケイ文庫,羽根田治,山と溪谷社,2021-03,9784635049115,,library.pref.hokkaido,未取得,,,,,検索リスト+取得台帳,pdf;pages;captured_at,取得したら pdf・pages・captured_at を記入し、status を取得済か不完全に更新する
KP00043017,132,源氏物語越境論,検索リスト,唐物表象と物語享受の諸相,河添房江,岩波書店,2018-12,9784000613064,9784007104152,library.pref.hokkaido,未取得,,,,,検索リスト+取得台帳,pdf;pages;captured_at,取得したら pdf・pages・captured_at を記入し、status を取得済か不完全に更新する
KP00044054,,,未確認,,,,,,,,取得済,capture_20260917_KP00044054.pdf,222,2026-09-17,既存ファイルから取り込み（タイトル未確認）,取得台帳のみ,タイトル;著者;出版社;底本刊行;ISBN;サブタイトル・シリーズ;eISBN;code,KinoDenの書誌詳細（機関URL/bookdetail/p/このProductID）を開き、タイトル・著者・出版社・底本刊行・ISBN・eISBN・シリーズを転記する。詳細画面に無い項目は空のままにする / 取得元が分かればcodeを入れる。北海道立図書館なら library.pref.hokkaido。分からなければ空のまま
KP00044108,,,未確認,,,,,,,,取得済,capture_20260921_KP00044108.pdf,176,2026-09-21,既存ファイルから取り込み（タイトル未確認）,取得台帳のみ,タイトル;著者;出版社;底本刊行;ISBN;サブタイトル・シリーズ;eISBN;code,KinoDenの書誌詳細（機関URL/bookdetail/p/このProductID）を開き、タイトル・著者・出版社・底本刊行・ISBN・eISBN・シリーズを転記する。詳細画面に無い項目は空のままにする / 取得元が分かればcodeを入れる。北海道立図書館なら library.pref.hokkaido。分からなければ空のまま
KP00044679,,,未確認,,,,,,,,不完全,in_capture_20260917_KP00044679.pdf,69,2026-09-17,既存ファイルから取り込み（タイトル未確認）,取得台帳のみ,タイトル;著者;出版社;底本刊行;ISBN;サブタイトル・シリーズ;eISBN;code,KinoDenの書誌詳細（機関URL/bookdetail/p/このProductID）を開き、タイトル・著者・出版社・底本刊行・ISBN・eISBN・シリーズを転記する。詳細画面に無い項目は空のままにする / 取得元が分かればcodeを入れる。北海道立図書館なら library.pref.hokkaido。分からなければ空のまま / キャプチャが途中。取り直したら pages と status を更新する
KP00044683,101,時間軸で探る日本の鳥,検索リスト,復元生態学の礎,黒沢令子 江田真毅【編著】,築地書館,2021-02,9784806716143,,library.pref.hokkaido,未取得,,,,,検索リスト+取得台帳,pdf;pages;captured_at,取得したら pdf・pages・captured_at を記入し、status を取得済か不完全に更新する
KP00045015,95,なぜあの人のジョークは面白いのか？,検索リスト,進化論で読み解くユーモアの科学,ジョナサン・シルバータウン【著】 水谷淳【訳】,東洋経済新報社,2021-03,9784492046845,,library.pref.hokkaido,未取得,,,,,検索リスト+取得台帳,pdf;pages;captured_at,取得したら pdf・pages・captured_at を記入し、status を取得済か不完全に更新する
KP00045405,104,外来アリのはなし,検索リスト,,橋本佳明【編】,朝倉書店,2020-05,9784254171723,,library.pref.hokkaido,未取得,,,,,検索リスト+取得台帳,pdf;pages;captured_at,取得したら pdf・pages・captured_at を記入し、status を取得済か不完全に更新する
KP00045737,,,未確認,,,,,,,,不完全,in_capture_20260917_KP00045737.pdf,72,2026-09-17,既存ファイルから取り込み（タイトル未確認）,取得台帳のみ,タイトル;著者;出版社;底本刊行;ISBN;サブタイトル・シリーズ;eISBN;code,KinoDenの書誌詳細（機関URL/bookdetail/p/このProductID）を開き、タイトル・著者・出版社・底本刊行・ISBN・eISBN・シリーズを転記する。詳細画面に無い項目は空のままにする / 取得元が分かればcodeを入れる。北海道立図書館なら library.pref.hokkaido。分からなければ空のまま / キャプチャが途中。取り直したら pages と status を更新する
KP00046397,,,未確認,,,,,,,,取得済,capture_20260922_KP00046397.pdf,1205,2026-09-22,既存ファイルから取り込み（タイトル未確認）,取得台帳のみ,タイトル;著者;出版社;底本刊行;ISBN;サブタイトル・シリーズ;eISBN;code,KinoDenの書誌詳細（機関URL/bookdetail/p/このProductID）を開き、タイトル・著者・出版社・底本刊行・ISBN・eISBN・シリーズを転記する。詳細画面に無い項目は空のままにする / 取得元が分かればcodeを入れる。北海道立図書館なら library.pref.hokkaido。分からなければ空のまま
KP00046994,128,世紀用語事典,検索リスト,分析・資料・文献,浦野起央,三和書籍,2021-04,9784862514172,,library.pref.hokkaido,未取得,,,,,検索リスト+取得台帳,pdf;pages;captured_at,取得したら pdf・pages・captured_at を記入し、status を取得済か不完全に更新する
KP00047766,,,未確認,,,,,,,,取得済,capture_20260921_KP00047766.pdf,226,2026-09-21,既存ファイルから取り込み（タイトル未確認）,取得台帳のみ,タイトル;著者;出版社;底本刊行;ISBN;サブタイトル・シリーズ;eISBN;code,KinoDenの書誌詳細（機関URL/bookdetail/p/このProductID）を開き、タイトル・著者・出版社・底本刊行・ISBN・eISBN・シリーズを転記する。詳細画面に無い項目は空のままにする / 取得元が分かればcodeを入れる。北海道立図書館なら library.pref.hokkaido。分からなければ空のまま
KP00047945,,,未確認,,,,,,,,不完全,in_capture_20260922_KP00047945.pdf,80,2026-09-22,既存ファイルから取り込み（タイトル未確認）,取得台帳のみ,タイトル;著者;出版社;底本刊行;ISBN;サブタイトル・シリーズ;eISBN;code,KinoDenの書誌詳細（機関URL/bookdetail/p/このProductID）を開き、タイトル・著者・出版社・底本刊行・ISBN・eISBN・シリーズを転記する。詳細画面に無い項目は空のままにする / 取得元が分かればcodeを入れる。北海道立図書館なら library.pref.hokkaido。分からなければ空のまま / キャプチャが途中。取り直したら pages と status を更新する
KP00047951,,,未確認,,,,,,,library.pref.hokkaido,取得済,capture_20260915_KP00047951.pdf,629,2026-09-15,既存ファイルから取り込み（タイトル未確認）,取得台帳のみ,タイトル;著者;出版社;底本刊行;ISBN;サブタイトル・シリーズ;eISBN,KinoDenの書誌詳細（機関URL/bookdetail/p/このProductID）を開き、タイトル・著者・出版社・底本刊行・ISBN・eISBN・シリーズを転記する。詳細画面に無い項目は空のままにする
KP00048691,,,未確認,,,,,,,,不完全,in_capture_20260922_KP00048691.pdf,34,2026-09-22,既存ファイルから取り込み（タイトル未確認）,取得台帳のみ,タイトル;著者;出版社;底本刊行;ISBN;サブタイトル・シリーズ;eISBN;code,KinoDenの書誌詳細（機関URL/bookdetail/p/このProductID）を開き、タイトル・著者・出版社・底本刊行・ISBN・eISBN・シリーズを転記する。詳細画面に無い項目は空のままにする / 取得元が分かればcodeを入れる。北海道立図書館なら library.pref.hokkaido。分からなければ空のまま / キャプチャが途中。取り直したら pages と status を更新する
KP00048785,71,新 生物による環境調査事典,検索リスト,,内山裕之,東京書籍,2012-08,9784487806874,,library.pref.hokkaido,未取得,,,,,検索リスト+取得台帳,pdf;pages;captured_at,取得したら pdf・pages・captured_at を記入し、status を取得済か不完全に更新する
KP00048832,90,日本建築のかたち,検索リスト,生活と建築造形の歴史 建築の絵本,西和夫 穂積和夫,彰国社,1983-04,9784395270224,9784395500390,library.pref.hokkaido,未取得,,,,,検索リスト+取得台帳,pdf;pages;captured_at,取得したら pdf・pages・captured_at を記入し、status を取得済か不完全に更新する
KP00049415,130,動物の事典,検索リスト,,末光隆志【総編集】,朝倉書店,2020-12,9784254171662,,library.pref.hokkaido,未取得,,,,,検索リスト+取得台帳,pdf;pages;captured_at,取得したら pdf・pages・captured_at を記入し、status を取得済か不完全に更新する
KP00049416,139,水環境の事典,検索リスト,,(公社)日本水環境学会【編】,朝倉書店,2021-04,9784254180565,,library.pref.hokkaido,未取得,,,,,検索リスト+取得台帳,pdf;pages;captured_at,取得したら pdf・pages・captured_at を記入し、status を取得済か不完全に更新する
KP00051246,85,進化でわかる人間行動の事典,検索リスト,,小田亮 橋彌和秀 大坪庸介 平石界【編】,朝倉書店,2021-05,9784254523058,,library.pref.hokkaido,未取得,,,,,検索リスト+取得台帳,pdf;pages;captured_at,取得したら pdf・pages・captured_at を記入し、status を取得済か不完全に更新する
KP00051312,,,未確認,,,,,,,,取得済,capture_20260917_KP00051312.pdf,510,2026-09-17,既存ファイルから取り込み（タイトル未確認）,取得台帳のみ,タイトル;著者;出版社;底本刊行;ISBN;サブタイトル・シリーズ;eISBN;code,KinoDenの書誌詳細（機関URL/bookdetail/p/このProductID）を開き、タイトル・著者・出版社・底本刊行・ISBN・eISBN・シリーズを転記する。詳細画面に無い項目は空のままにする / 取得元が分かればcodeを入れる。北海道立図書館なら library.pref.hokkaido。分からなければ空のまま
KP00051389,,,未確認,,,,,,,library.pref.hokkaido,取得済,capture_20260914_KP00051389.pdf,128,2026-09-14,既存ファイルから取り込み（タイトル未確認）,取得台帳のみ,タイトル;著者;出版社;底本刊行;ISBN;サブタイトル・シリーズ;eISBN,KinoDenの書誌詳細（機関URL/bookdetail/p/このProductID）を開き、タイトル・著者・出版社・底本刊行・ISBN・eISBN・シリーズを転記する。詳細画面に無い項目は空のままにする
KP00051446,137,感情心理学ハンドブック,検索リスト,,日本感情心理学会【企画】 内山伊知郎【編】,北大路書房,2019-09,9784762830778,9784762851544,library.pref.hokkaido,未取得,,,,,検索リスト+取得台帳,pdf;pages;captured_at,取得したら pdf・pages・captured_at を記入し、status を取得済か不完全に更新する
KP00051707,,,未確認,,,,,,,,取得済,capture_20260921_KP00051707.pdf,193,2026-09-21,既存ファイルから取り込み（タイトル未確認）,取得台帳のみ,タイトル;著者;出版社;底本刊行;ISBN;サブタイトル・シリーズ;eISBN;code,KinoDenの書誌詳細（機関URL/bookdetail/p/このProductID）を開き、タイトル・著者・出版社・底本刊行・ISBN・eISBN・シリーズを転記する。詳細画面に無い項目は空のままにする / 取得元が分かればcodeを入れる。北海道立図書館なら library.pref.hokkaido。分からなければ空のまま
KP00051724,,,未確認,,,,,,,,取得済,capture_20260915_KP00051724.pdf,571,2026-09-15,既存ファイルから取り込み（タイトル未確認）,取得台帳のみ,タイトル;著者;出版社;底本刊行;ISBN;サブタイトル・シリーズ;eISBN;code,KinoDenの書誌詳細（機関URL/bookdetail/p/このProductID）を開き、タイトル・著者・出版社・底本刊行・ISBN・eISBN・シリーズを転記する。詳細画面に無い項目は空のままにする / 取得元が分かればcodeを入れる。北海道立図書館なら library.pref.hokkaido。分からなければ空のまま
KP00051725,,,未確認,,,,,,,,取得済,capture_20260915_KP00051725.pdf,532,2026-09-15,既存ファイルから取り込み（タイトル未確認）,取得台帳のみ,タイトル;著者;出版社;底本刊行;ISBN;サブタイトル・シリーズ;eISBN;code,KinoDenの書誌詳細（機関URL/bookdetail/p/このProductID）を開き、タイトル・著者・出版社・底本刊行・ISBN・eISBN・シリーズを転記する。詳細画面に無い項目は空のままにする / 取得元が分かればcodeを入れる。北海道立図書館なら library.pref.hokkaido。分からなければ空のまま
KP00051727,,,未確認,,,,,,,,取得済,capture_20260915_KP00051727.pdf,444,2026-09-15,既存ファイルから取り込み（タイトル未確認）,取得台帳のみ,タイトル;著者;出版社;底本刊行;ISBN;サブタイトル・シリーズ;eISBN;code,KinoDenの書誌詳細（機関URL/bookdetail/p/このProductID）を開き、タイトル・著者・出版社・底本刊行・ISBN・eISBN・シリーズを転記する。詳細画面に無い項目は空のままにする / 取得元が分かればcodeを入れる。北海道立図書館なら library.pref.hokkaido。分からなければ空のまま
KP00051728,,,未確認,,,,,,,,取得済,capture_20260915_KP00051728.pdf,454,2026-09-15,既存ファイルから取り込み（タイトル未確認）,取得台帳のみ,タイトル;著者;出版社;底本刊行;ISBN;サブタイトル・シリーズ;eISBN;code,KinoDenの書誌詳細（機関URL/bookdetail/p/このProductID）を開き、タイトル・著者・出版社・底本刊行・ISBN・eISBN・シリーズを転記する。詳細画面に無い項目は空のままにする / 取得元が分かればcodeを入れる。北海道立図書館なら library.pref.hokkaido。分からなければ空のまま
KP00051729,,,未確認,,,,,,,,取得済,capture_20260915_KP00051729.pdf,659,2026-09-15,既存ファイルから取り込み（タイトル未確認）,取得台帳のみ,タイトル;著者;出版社;底本刊行;ISBN;サブタイトル・シリーズ;eISBN;code,KinoDenの書誌詳細（機関URL/bookdetail/p/このProductID）を開き、タイトル・著者・出版社・底本刊行・ISBN・eISBN・シリーズを転記する。詳細画面に無い項目は空のままにする / 取得元が分かればcodeを入れる。北海道立図書館なら library.pref.hokkaido。分からなければ空のまま
KP00051730,,,未確認,,,,,,,,取得済,capture_20260916_KP00051730.pdf,368,2026-09-16,既存ファイルから取り込み（タイトル未確認）,取得台帳のみ,タイトル;著者;出版社;底本刊行;ISBN;サブタイトル・シリーズ;eISBN;code,KinoDenの書誌詳細（機関URL/bookdetail/p/このProductID）を開き、タイトル・著者・出版社・底本刊行・ISBN・eISBN・シリーズを転記する。詳細画面に無い項目は空のままにする / 取得元が分かればcodeを入れる。北海道立図書館なら library.pref.hokkaido。分からなければ空のまま
KP00051761,,,未確認,,,,,,,,不完全,in_capture_20260916_KP00051761.pdf,226,2026-09-16,既存ファイルから取り込み（タイトル未確認）,取得台帳のみ,タイトル;著者;出版社;底本刊行;ISBN;サブタイトル・シリーズ;eISBN;code,KinoDenの書誌詳細（機関URL/bookdetail/p/このProductID）を開き、タイトル・著者・出版社・底本刊行・ISBN・eISBN・シリーズを転記する。詳細画面に無い項目は空のままにする / 取得元が分かればcodeを入れる。北海道立図書館なら library.pref.hokkaido。分からなければ空のまま / キャプチャが途中。取り直したら pages と status を更新する
KP00051814,110,持続可能性の経済理論,検索リスト,SDGs時代と「資本基盤主義」,倉阪秀史,東洋経済新報社,2021-07,9784492396612,,library.pref.hokkaido,未取得,,,,,検索リスト+取得台帳,pdf;pages;captured_at,取得したら pdf・pages・captured_at を記入し、status を取得済か不完全に更新する
KP00052507,107,海の歴史と未来,検索リスト,人と生態系のダイナミクス 4,堀正和 山北剛久,朝倉書店,2021-03,9784254185447,,library.pref.hokkaido,未取得,,,,,検索リスト+取得台帳,pdf;pages;captured_at,取得したら pdf・pages・captured_at を記入し、status を取得済か不完全に更新する
KP00052508,105,河川の歴史と未来,検索リスト,人と生態系のダイナミクス 5,西廣淳 瀧健太郎 原田守啓 宮崎佑介 河口洋一 宮下直,朝倉書店,2021-09,9784254185454,,library.pref.hokkaido,未取得,,,,,検索リスト+取得台帳,pdf;pages;captured_at,取得したら pdf・pages・captured_at を記入し、status を取得済か不完全に更新する
KP00052875,,,未確認,,,,,,,,取得済,capture_20260917_KP00052875.pdf,161,2026-09-17,既存ファイルから取り込み（タイトル未確認）,取得台帳のみ,タイトル;著者;出版社;底本刊行;ISBN;サブタイトル・シリーズ;eISBN;code,KinoDenの書誌詳細（機関URL/bookdetail/p/このProductID）を開き、タイトル・著者・出版社・底本刊行・ISBN・eISBN・シリーズを転記する。詳細画面に無い項目は空のままにする / 取得元が分かればcodeを入れる。北海道立図書館なら library.pref.hokkaido。分からなければ空のまま
KP00053302,118,現代日本土木史 第二版,検索リスト,,高橋裕,彰国社,2007-08,9784395040315,9784395500833,library.pref.hokkaido,未取得,,,,,検索リスト+取得台帳,pdf;pages;captured_at,取得したら pdf・pages・captured_at を記入し、status を取得済か不完全に更新する
KP00053356,,,未確認,,,,,,,,不完全,in_capture_20260922_KP00053356.pdf,113,2026-09-22,既存ファイルから取り込み（タイトル未確認）,取得台帳のみ,タイトル;著者;出版社;底本刊行;ISBN;サブタイトル・シリーズ;eISBN;code,KinoDenの書誌詳細（機関URL/bookdetail/p/このProductID）を開き、タイトル・著者・出版社・底本刊行・ISBN・eISBN・シリーズを転記する。詳細画面に無い項目は空のままにする / 取得元が分かればcodeを入れる。北海道立図書館なら library.pref.hokkaido。分からなければ空のまま / キャプチャが途中。取り直したら pages と status を更新する
KP00053652,30,鳥の足型・足跡ハンドブック,検索リスト,,小宮輝之 杉田平三,文一総合出版,2012-07,9784829981054,9784829955024,library.pref.hokkaido,未取得,,,,,検索リスト+取得台帳,pdf;pages;captured_at,取得したら pdf・pages・captured_at を記入し、status を取得済か不完全に更新する
KP00053653,12,哺乳類の足型・足跡ハンドブック,検索リスト,,小宮輝之,文一総合出版,2013-09,9784829981153,9784829955031,library.pref.hokkaido,未取得,,,,,検索リスト+取得台帳,pdf;pages;captured_at,取得したら pdf・pages・captured_at を記入し、status を取得済か不完全に更新する
KP00053654,55,新しい植物分類体系,検索リスト,APGでみる日本の植物,伊藤元己 井鷺裕司,文一総合出版,2018-06,9784829965306,9784829952184,library.pref.hokkaido,取得済,capture_20260921_KP00053654.pdf,180,2026-09-21,,検索リスト+取得台帳,,対応不要
KP00053655,38,樹皮ハンドブック,検索リスト,,林将之,文一総合出版,2008-05,9784829900222,9784829955116,library.pref.hokkaido,未取得,,,,,検索リスト+取得台帳,pdf;pages;captured_at,取得したら pdf・pages・captured_at を記入し、status を取得済か不完全に更新する
KP00053656,9,野鳥と木の実ハンドブック,検索リスト,,叶内拓哉,文一総合出版,2006-11,9784829900246,9784829955123,library.pref.hokkaido,取得済,capture_20260915_KP00053656.pdf,84,2026-09-15,,検索リスト+取得台帳,,対応不要
KP00053658,27,朽ち木にあつまる虫ハンドブック,検索リスト,,鈴木知之,文一総合出版,2009-04,9784829901403,9784829955055,library.pref.hokkaido,未取得,,,,,検索リスト+取得台帳,pdf;pages;captured_at,取得したら pdf・pages・captured_at を記入し、status を取得済か不完全に更新する
KP00053659,45,日本の鳥550 水辺の鳥 増補改訂版,検索リスト,ネイチャーガイド,桐原政志【解説】 山形則男 吉野俊幸【写真】,文一総合出版,2009-05,9784829901427,9784829955062,library.pref.hokkaido,未取得,,,,,検索リスト+取得台帳,pdf;pages;captured_at,取得したら pdf・pages・captured_at を記入し、status を取得済か不完全に更新する
KP00053660,11,声が聞こえる！ カエルハンドブック,検索リスト,,前田憲男【写真・文】 上田秀雄【音声】,文一総合出版,2010-04,9784829901489,9784829955079,library.pref.hokkaido,未取得,,,,,検索リスト+取得台帳,pdf;pages;captured_at,取得したら pdf・pages・captured_at を記入し、status を取得済か不完全に更新する
KP00053661,31,日本のスゲ 増補改訂版,検索リスト,ネイチャーガイド,勝山輝男,文一総合出版,2015-08,9784829984048,9784829955536,library.pref.hokkaido,未取得,,,,,検索リスト+取得台帳,pdf;pages;captured_at,取得したら pdf・pages・captured_at を記入し、status を取得済か不完全に更新する
KP00053662,15,サクラハンドブック,検索リスト,,大原隆明,文一総合出版,2009-03,9784829901816,9784829955093,library.pref.hokkaido,未取得,,,,,検索リスト+取得台帳,pdf;pages;captured_at,取得したら pdf・pages・captured_at を記入し、status を取得済か不完全に更新する
KP00053663,6,紅葉ハンドブック,検索リスト,,林将之,文一総合出版,2008-09,9784829901878,9784829955109,library.pref.hokkaido,未取得,,,,,検索リスト+取得台帳,pdf;pages;captured_at,取得したら pdf・pages・captured_at を記入し、status を取得済か不完全に更新する
KP00053664,21,海辺で拾える貝ハンドブック,検索リスト,,池田等【文】 松沢陽士【写真】,文一総合出版,2009-07,9784829910245,9784829955130,library.pref.hokkaido,未取得,,,,,検索リスト+取得台帳,pdf;pages;captured_at,取得したら pdf・pages・captured_at を記入し、status を取得済か不完全に更新する
KP00053665,8,新訂 水生生物ハンドブック,検索リスト,,刈田敏三,文一総合出版,2010-11,9784829911792,9784829955154,library.pref.hokkaido,未取得,,,,,検索リスト+取得台帳,pdf;pages;captured_at,取得したら pdf・pages・captured_at を記入し、status を取得済か不完全に更新する
KP00053666,24,タカの渡り観察ガイドブック,検索リスト,,信州ワシタカ類渡り調査研究グループ,文一総合出版,2003-10,9784829921791,9784829955147,library.pref.hokkaido,未取得,,,,,検索リスト+取得台帳,pdf;pages;captured_at,取得したら pdf・pages・captured_at を記入し、status を取得済か不完全に更新する
KP00053667,23,原寸大写真図鑑 羽,検索リスト,,高田勝 叶内拓哉,文一総合出版,2004-02,9784829921821,9784829955192,library.pref.hokkaido,未取得,,,,,検索リスト+取得台帳,pdf;pages;captured_at,取得したら pdf・pages・captured_at を記入し、status を取得済か不完全に更新する
KP00053668,13,♪鳥くんの比べて識別！野鳥図鑑670 第3版,検索リスト,,永井真人【著】 茂田良光【監修】,文一総合出版,2019-11,9784829972311,9784829955161,library.pref.hokkaido,未取得,,,,,検索リスト+取得台帳,pdf;pages;captured_at,取得したら pdf・pages・captured_at を記入し、status を取得済か不完全に更新する
KP00053669,7,照葉樹ハンドブック,検索リスト,,林将之,文一総合出版,2012-10,9784829981085,9784829955185,library.pref.hokkaido,未取得,,,,,検索リスト+取得台帳,pdf;pages;captured_at,取得したら pdf・pages・captured_at を記入し、status を取得済か不完全に更新する
KP00053670,4,身近な雑草の芽生えハンドブック,検索リスト,,浅井元朗,文一総合出版,2012-12,9784829981115,9784829955208,library.pref.hokkaido,未取得,,,,,検索リスト+取得台帳,pdf;pages;captured_at,取得したら pdf・pages・captured_at を記入し、status を取得済か不完全に更新する
KP00053671,44,日本の鳥550 山野の鳥 新訂,検索リスト,ネイチャーガイド,五百澤日丸 山形則男【解説・写真】 吉野俊幸【写真】,文一総合出版,2014-03,9784829984000,9784829955215,library.pref.hokkaido,未取得,,,,,検索リスト+取得台帳,pdf;pages;captured_at,取得したら pdf・pages・captured_at を記入し、status を取得済か不完全に更新する
KP00053672,18,日本の水草,検索リスト,ネイチャーガイド,角野康郎,文一総合出版,2014-09,9784829984017,9784829955222,library.pref.hokkaido,未取得,,,,,検索リスト+取得台帳,pdf;pages;captured_at,取得したら pdf・pages・captured_at を記入し、status を取得済か不完全に更新する
KP00053673,53,樹木の実生図鑑,検索リスト,芽生えと樹形形成,八田洋章【編】,文一総合出版,2015-09,9784829988404,9784829955239,library.pref.hokkaido,未取得,,,,,検索リスト+取得台帳,pdf;pages;captured_at,取得したら pdf・pages・captured_at を記入し、status を取得済か不完全に更新する
KP00053674,19,絵解きで調べる田んぼの生きもの,検索リスト,miniこのは,向井康夫,文一総合出版,2014-04,9784829972021,9784829955246,library.pref.hokkaido,未取得,,,,,検索リスト+取得台帳,pdf;pages;captured_at,取得したら pdf・pages・captured_at を記入し、status を取得済か不完全に更新する
KP00053675,25,タンポポハンドブック,検索リスト,,保谷彰彦,文一総合出版,2017-02,9784829981436,9784829955253,library.pref.hokkaido,未取得,,,,,検索リスト+取得台帳,pdf;pages;captured_at,取得したら pdf・pages・captured_at を記入し、status を取得済か不完全に更新する
KP00053676,41,テントウムシハンドブック,検索リスト,,阪本優介,文一総合出版,2018-07,9784829981580,9784829955260,library.pref.hokkaido,未取得,,,,,検索リスト+取得台帳,pdf;pages;captured_at,取得したら pdf・pages・captured_at を記入し、status を取得済か不完全に更新する
KP00053677,33,どんぐりハンドブック,検索リスト,,いわさゆうこ【著】 八田洋章【監修】,文一総合出版,2010-11,9784829911761,9784829955277,library.pref.hokkaido,未取得,,,,,検索リスト+取得台帳,pdf;pages;captured_at,取得したら pdf・pages・captured_at を記入し、status を取得済か不完全に更新する
KP00053678,32,ハムシハンドブック,検索リスト,葉上の宝石。,尾園暁,文一総合出版,2014-08,9784829981221,9784829955284,library.pref.hokkaido,未取得,,,,,検索リスト+取得台帳,pdf;pages;captured_at,取得したら pdf・pages・captured_at を記入し、status を取得済か不完全に更新する
KP00053679,57,羽根識別マニュアル,検索リスト,BIRDER SPECIAL,藤井幹,文一総合出版,2020-11,9784829975114,9784829955291,library.pref.hokkaido,未取得,,,,,検索リスト+取得台帳,pdf;pages;captured_at,取得したら pdf・pages・captured_at を記入し、status を取得済か不完全に更新する
KP00053680,42,身近な草木の実とタネハンドブック,検索リスト,,多田多恵子,文一総合出版,2010-09,9784829910757,9784829955307,library.pref.hokkaido,未取得,,,,,検索リスト+取得台帳,pdf;pages;captured_at,取得したら pdf・pages・captured_at を記入し、status を取得済か不完全に更新する
KP00053681,17,野草のロゼットハンドブック,検索リスト,,亀田龍吉,文一総合出版,2012-10,9784829981092,9784829955314,library.pref.hokkaido,未取得,,,,,検索リスト+取得台帳,pdf;pages;captured_at,取得したら pdf・pages・captured_at を記入し、status を取得済か不完全に更新する
KP00053682,48,セミハンドブック,検索リスト,,税所康正,文一総合出版,2019-05,9784829981634,9784829955321,library.pref.hokkaido,未取得,,,,,検索リスト+取得台帳,pdf;pages;captured_at,取得したら pdf・pages・captured_at を記入し、status を取得済か不完全に更新する
KP00053683,35,ゲンゴウロウ・ガムシ・ミズスマシハンドブック,検索リスト,水生昆虫 1,三田村敏正 平澤桂 吉井重幸【著】 北野忠【監修】,文一総合出版,2017-06,9784829981511,9784829955338,library.pref.hokkaido,未取得,,,,,検索リスト+取得台帳,pdf;pages;captured_at,取得したら pdf・pages・captured_at を記入し、status を取得済か不完全に更新する
KP00053684,29,タガメ・ミズスマシ・アメンボハンドブック,検索リスト,水生昆虫 2,三田村敏正 平澤桂 吉井重幸【著】 北野忠【監修】,文一総合出版,2017-07,9784829981528,9784829955345,library.pref.hokkaido,未取得,,,,,検索リスト+取得台帳,pdf;pages;captured_at,取得したら pdf・pages・captured_at を記入し、status を取得済か不完全に更新する
KP00053685,20,カエデ識別ハンドブック,検索リスト,,猪狩貴史,文一総合出版,2010-11,9784829911754,9784829955352,library.pref.hokkaido,未取得,,,,,検索リスト+取得台帳,pdf;pages;captured_at,取得したら pdf・pages・captured_at を記入し、status を取得済か不完全に更新する
KP00053687,2,スミレハンドブック,検索リスト,,山田隆彦,文一総合出版,2010-03,9784829910771,9784829955376,library.pref.hokkaido,未取得,,,,,検索リスト+取得台帳,pdf;pages;captured_at,取得したら pdf・pages・captured_at を記入し、status を取得済か不完全に更新する
KP00053688,36,身近な雑草の芽生えハンドブック 2,検索リスト,,浅井元朗,文一総合出版,2016-04,9784829981375,9784829955383,library.pref.hokkaido,未取得,,,,,検索リスト+取得台帳,pdf;pages;captured_at,取得したら pdf・pages・captured_at を記入し、status を取得済か不完全に更新する
KP00053689,22,街なかの地衣類ハンドブック,検索リスト,,大村嘉人,文一総合出版,2016-10,9784829981320,9784829955390,library.pref.hokkaido,未取得,,,,,検索リスト+取得台帳,pdf;pages;captured_at,取得したら pdf・pages・captured_at を記入し、status を取得済か不完全に更新する
KP00053690,5,冬芽ハンドブック,検索リスト,,広沢毅 林将之,文一総合出版,2010-11,9784829911747,9784829955406,library.pref.hokkaido,未取得,,,,,検索リスト+取得台帳,pdf;pages;captured_at,取得したら pdf・pages・captured_at を記入し、status を取得済か不完全に更新する
KP00053691,51,冬虫夏草ハンドブック,検索リスト,,盛口満 安田守,文一総合出版,2009-06,9784829901434,9784829955413,library.pref.hokkaido,取得済,capture_20260915_KP00053691.pdf,84,2026-09-15,,検索リスト+取得台帳,,対応不要
KP00053692,26,サンゴ礁のエビハンドブック,検索リスト,,峯水亮,文一総合出版,2013-02,9784829981108,9784829955420,library.pref.hokkaido,取得済,サンゴ礁のエビハンドブック.pdf,148,2026-08-13,,検索リスト+取得台帳,,対応不要
KP00053693,43,ハチハンドブック,検索リスト,,藤丸篤夫,文一総合出版,2014-07,9784829981252,9784829955437,library.pref.hokkaido,未取得,,,,,検索リスト+取得台帳,pdf;pages;captured_at,取得したら pdf・pages・captured_at を記入し、status を取得済か不完全に更新する
KP00053694,3,モグラハンドブック,検索リスト,,飯島正広 土屋公幸,文一総合出版,2015-07,9784829981337,9784829955444,library.pref.hokkaido,未取得,,,,,検索リスト+取得台帳,pdf;pages;captured_at,取得したら pdf・pages・captured_at を記入し、status を取得済か不完全に更新する
KP00053695,39,昆虫の食草・食樹,検索リスト,,森上信夫 林将之,文一総合出版,2007-04,9784829900260,9784829955451,library.pref.hokkaido,未取得,,,,,検索リスト+取得台帳,pdf;pages;captured_at,取得したら pdf・pages・captured_at を記入し、status を取得済か不完全に更新する
KP00053697,56,虫こぶハンドブック,検索リスト,,薄葉重,文一総合出版,2003-06,9784829921784,9784829955475,library.pref.hokkaido,取得済,capture_20260915_KP00053697.pdf,84,2026-09-15,,検索リスト+取得台帳,,対応不要
KP00053698,28,土の中の小さな生き物ハンドブック,検索リスト,,皆越ようせい【文・写真】 渡辺弘之【監修】,文一総合出版,2005-10,9784829921937,9784829955482,library.pref.hokkaido,未取得,,,,,検索リスト+取得台帳,pdf;pages;captured_at,取得したら pdf・pages・captured_at を記入し、status を取得済か不完全に更新する
KP00053699,52,野ばらハンドブック,検索リスト,,御巫由紀【解説】 大作晃一【写真】,文一総合出版,2019-06,9784829981368,9784829955499,library.pref.hokkaido,未取得,,,,,検索リスト+取得台帳,pdf;pages;captured_at,取得したら pdf・pages・captured_at を記入し、status を取得済か不完全に更新する
KP00053700,40,きれいでふしぎな粘菌,検索リスト,森の小さな生きもの紀行 1,新井文彦 川上新一【監修】,文一総合出版,2020-12,9784829990001,9784829955505,library.pref.hokkaido,未取得,,,,,検索リスト+取得台帳,pdf;pages;captured_at,取得したら pdf・pages・captured_at を記入し、status を取得済か不完全に更新する
KP00053701,46,いつでもどこでもきのこ,検索リスト,森の小さな生きもの紀行 2,保坂健太郎【文】 新井文彦【写真】,文一総合出版,2021-01,9784829990018,9784829955512,library.pref.hokkaido,未取得,,,,,検索リスト+取得台帳,pdf;pages;captured_at,取得したら pdf・pages・captured_at を記入し、status を取得済か不完全に更新する
KP00053702,50,あなたのあしもとコケの森,検索リスト,森の小さな生きもの紀行 3,鵜沢美穂子【文】 新井文彦【写真】,文一総合出版,2021-03,9784829990025,9784829955529,library.pref.hokkaido,未取得,,,,,検索リスト+取得台帳,pdf;pages;captured_at,取得したら pdf・pages・captured_at を記入し、status を取得済か不完全に更新する
KP00054342,54,都市の樹木433,検索リスト,ポケット図鑑,岩崎哲也,文一総合出版,2012-04,9784829911877,9784829955178,library.pref.hokkaido,未取得,,,,,検索リスト+取得台帳,pdf;pages;captured_at,取得したら pdf・pages・captured_at を記入し、status を取得済か不完全に更新する
KP00054437,67,木本植物の生理生態,検索リスト,,小池孝良 北尾光俊 市栄智明 渡辺誠,共立出版,2020-11,9784320058125,9784320950993,library.pref.hokkaido,未取得,,,,,検索リスト+取得台帳,pdf;pages;captured_at,取得したら pdf・pages・captured_at を記入し、status を取得済か不完全に更新する
KP00054669,120,進化38億年の偶然と必然,検索リスト,生命の多様性はどのようにして生まれたか,長谷川政美,国書刊行会,2020-10,9784336070371,,library.pref.hokkaido,未取得,,,,,検索リスト+取得台帳,pdf;pages;captured_at,取得したら pdf・pages・captured_at を記入し、status を取得済か不完全に更新する
KP00055133,,,未確認,,,,,,,,不完全,in_capture_20260921_KP00055133.pdf,331,2026-09-21,既存ファイルから取り込み（タイトル未確認）,取得台帳のみ,タイトル;著者;出版社;底本刊行;ISBN;サブタイトル・シリーズ;eISBN;code,KinoDenの書誌詳細（機関URL/bookdetail/p/このProductID）を開き、タイトル・著者・出版社・底本刊行・ISBN・eISBN・シリーズを転記する。詳細画面に無い項目は空のままにする / 取得元が分かればcodeを入れる。北海道立図書館なら library.pref.hokkaido。分からなければ空のまま / キャプチャが途中。取り直したら pages と status を更新する
KP00055921,,,未確認,,,,,,,,取得済,capture_20260921_KP00055921.pdf,130,2026-09-21,既存ファイルから取り込み（タイトル未確認）,取得台帳のみ,タイトル;著者;出版社;底本刊行;ISBN;サブタイトル・シリーズ;eISBN;code,KinoDenの書誌詳細（機関URL/bookdetail/p/このProductID）を開き、タイトル・著者・出版社・底本刊行・ISBN・eISBN・シリーズを転記する。詳細画面に無い項目は空のままにする / 取得元が分かればcodeを入れる。北海道立図書館なら library.pref.hokkaido。分からなければ空のまま
KP00056545,,,未確認,,,,,,,,取得済,capture_20260916_KP00056545.pdf,161,2026-09-16,既存ファイルから取り込み（タイトル未確認）,取得台帳のみ,タイトル;著者;出版社;底本刊行;ISBN;サブタイトル・シリーズ;eISBN;code,KinoDenの書誌詳細（機関URL/bookdetail/p/このProductID）を開き、タイトル・著者・出版社・底本刊行・ISBN・eISBN・シリーズを転記する。詳細画面に無い項目は空のままにする / 取得元が分かればcodeを入れる。北海道立図書館なら library.pref.hokkaido。分からなければ空のまま
KP00056603,,,未確認,,,,,,,,取得済,capture_20260922_KP00056603.pdf,222,2026-09-22,既存ファイルから取り込み（タイトル未確認）,取得台帳のみ,タイトル;著者;出版社;底本刊行;ISBN;サブタイトル・シリーズ;eISBN;code,KinoDenの書誌詳細（機関URL/bookdetail/p/このProductID）を開き、タイトル・著者・出版社・底本刊行・ISBN・eISBN・シリーズを転記する。詳細画面に無い項目は空のままにする / 取得元が分かればcodeを入れる。北海道立図書館なら library.pref.hokkaido。分からなければ空のまま
KP00056881,,,未確認,,,,,,,,取得済,capture_20260921_KP00056881.pdf,305,2026-09-21,既存ファイルから取り込み（タイトル未確認）,取得台帳のみ,タイトル;著者;出版社;底本刊行;ISBN;サブタイトル・シリーズ;eISBN;code,KinoDenの書誌詳細（機関URL/bookdetail/p/このProductID）を開き、タイトル・著者・出版社・底本刊行・ISBN・eISBN・シリーズを転記する。詳細画面に無い項目は空のままにする / 取得元が分かればcodeを入れる。北海道立図書館なら library.pref.hokkaido。分からなければ空のまま
KP00056882,,,未確認,,,,,,,,取得済,capture_20260921_KP00056882.pdf,343,2026-09-21,既存ファイルから取り込み（タイトル未確認）,取得台帳のみ,タイトル;著者;出版社;底本刊行;ISBN;サブタイトル・シリーズ;eISBN;code,KinoDenの書誌詳細（機関URL/bookdetail/p/このProductID）を開き、タイトル・著者・出版社・底本刊行・ISBN・eISBN・シリーズを転記する。詳細画面に無い項目は空のままにする / 取得元が分かればcodeを入れる。北海道立図書館なら library.pref.hokkaido。分からなければ空のまま
KP00056891,,,未確認,,,,,,,,取得済,capture_20260916_KP00056891.pdf,194,2026-09-16,既存ファイルから取り込み（タイトル未確認）,取得台帳のみ,タイトル;著者;出版社;底本刊行;ISBN;サブタイトル・シリーズ;eISBN;code,KinoDenの書誌詳細（機関URL/bookdetail/p/このProductID）を開き、タイトル・著者・出版社・底本刊行・ISBN・eISBN・シリーズを転記する。詳細画面に無い項目は空のままにする / 取得元が分かればcodeを入れる。北海道立図書館なら library.pref.hokkaido。分からなければ空のまま
KP00056907,,,未確認,,,,,,,,取得済,capture_20260916_KP00056907.pdf,97,2026-09-16,既存ファイルから取り込み（タイトル未確認）,取得台帳のみ,タイトル;著者;出版社;底本刊行;ISBN;サブタイトル・シリーズ;eISBN;code,KinoDenの書誌詳細（機関URL/bookdetail/p/このProductID）を開き、タイトル・著者・出版社・底本刊行・ISBN・eISBN・シリーズを転記する。詳細画面に無い項目は空のままにする / 取得元が分かればcodeを入れる。北海道立図書館なら library.pref.hokkaido。分からなければ空のまま
KP00057048,,,未確認,,,,,,,,取得済,capture_20260916_KP00057048.pdf,322,2026-09-16,既存ファイルから取り込み（タイトル未確認）,取得台帳のみ,タイトル;著者;出版社;底本刊行;ISBN;サブタイトル・シリーズ;eISBN;code,KinoDenの書誌詳細（機関URL/bookdetail/p/このProductID）を開き、タイトル・著者・出版社・底本刊行・ISBN・eISBN・シリーズを転記する。詳細画面に無い項目は空のままにする / 取得元が分かればcodeを入れる。北海道立図書館なら library.pref.hokkaido。分からなければ空のまま
KP00057077,96,タヌキ学入門,検索リスト,かちかち山から3.11まで 身近な野生動物の意外な素顔,高槻成紀,誠文堂新光社,2016-01,9784416115473,,library.pref.hokkaido,未取得,,,,,検索リスト+取得台帳,pdf;pages;captured_at,取得したら pdf・pages・captured_at を記入し、status を取得済か不完全に更新する
KP00057097,84,新訂 同姓異読み人名辞典 西洋人編,検索リスト,,日外アソシエーツ【編】,日外アソシエーツ,2022-01,9784816929076,9784816987854,library.pref.hokkaido,未取得,,,,,検索リスト+取得台帳,pdf;pages;captured_at,取得したら pdf・pages・captured_at を記入し、status を取得済か不完全に更新する
KP00057287,,,未確認,,,,,,,,取得済,capture_20260917_KP00057287.pdf,144,2026-09-17,既存ファイルから取り込み（タイトル未確認）,取得台帳のみ,タイトル;著者;出版社;底本刊行;ISBN;サブタイトル・シリーズ;eISBN;code,KinoDenの書誌詳細（機関URL/bookdetail/p/このProductID）を開き、タイトル・著者・出版社・底本刊行・ISBN・eISBN・シリーズを転記する。詳細画面に無い項目は空のままにする / 取得元が分かればcodeを入れる。北海道立図書館なら library.pref.hokkaido。分からなければ空のまま
KP00057345,,,未確認,,,,,,,,取得済,capture_20260916_KP00057345.pdf,204,2026-09-16,既存ファイルから取り込み（タイトル未確認）,取得台帳のみ,タイトル;著者;出版社;底本刊行;ISBN;サブタイトル・シリーズ;eISBN;code,KinoDenの書誌詳細（機関URL/bookdetail/p/このProductID）を開き、タイトル・著者・出版社・底本刊行・ISBN・eISBN・シリーズを転記する。詳細画面に無い項目は空のままにする / 取得元が分かればcodeを入れる。北海道立図書館なら library.pref.hokkaido。分からなければ空のまま
KP00057392,,,未確認,,,,,,,,取得済,capture_20260921_KP00057392.pdf,386,2026-09-21,既存ファイルから取り込み（タイトル未確認）,取得台帳のみ,タイトル;著者;出版社;底本刊行;ISBN;サブタイトル・シリーズ;eISBN;code,KinoDenの書誌詳細（機関URL/bookdetail/p/このProductID）を開き、タイトル・著者・出版社・底本刊行・ISBN・eISBN・シリーズを転記する。詳細画面に無い項目は空のままにする / 取得元が分かればcodeを入れる。北海道立図書館なら library.pref.hokkaido。分からなければ空のまま
KP00057395,,,未確認,,,,,,,,取得済,capture_20260921_KP00057395.pdf,336,2026-09-21,既存ファイルから取り込み（タイトル未確認）,取得台帳のみ,タイトル;著者;出版社;底本刊行;ISBN;サブタイトル・シリーズ;eISBN;code,KinoDenの書誌詳細（機関URL/bookdetail/p/このProductID）を開き、タイトル・著者・出版社・底本刊行・ISBN・eISBN・シリーズを転記する。詳細画面に無い項目は空のままにする / 取得元が分かればcodeを入れる。北海道立図書館なら library.pref.hokkaido。分からなければ空のまま
KP00058105,72,魚類学の百科事典,検索リスト,,日本魚類学会【編】,丸善出版,2018-10,9784621303177,,library.pref.hokkaido,取得済,capture_20260916_KP00058105.pdf,744,2026-09-16,,検索リスト+取得台帳,,対応不要
KP00058498,100,雨もキノコも鼻クソも 大気微生物の世界,検索リスト,気候・健康・発酵とバイオエアロゾル,牧輝弥,築地書館,2021-11,9784806716273,,library.pref.hokkaido,未取得,,,,,検索リスト+取得台帳,pdf;pages;captured_at,取得したら pdf・pages・captured_at を記入し、status を取得済か不完全に更新する
KP00058500,119,海鳥と地球と人間,検索リスト,漁業・プラスチック・洋上風発・野ネコ問題と生態系,綿貫豊,築地書館,2022-01,9784806716297,,library.pref.hokkaido,未取得,,,,,検索リスト+取得台帳,pdf;pages;captured_at,取得したら pdf・pages・captured_at を記入し、status を取得済か不完全に更新する
KP00058515,,,未確認,,,,,,,,取得済,capture_20260921_KP00058515.pdf,161,2026-09-21,既存ファイルから取り込み（タイトル未確認）,取得台帳のみ,タイトル;著者;出版社;底本刊行;ISBN;サブタイトル・シリーズ;eISBN;code,KinoDenの書誌詳細（機関URL/bookdetail/p/このProductID）を開き、タイトル・著者・出版社・底本刊行・ISBN・eISBN・シリーズを転記する。詳細画面に無い項目は空のままにする / 取得元が分かればcodeを入れる。北海道立図書館なら library.pref.hokkaido。分からなければ空のまま
KP00058653,,,未確認,,,,,,,,取得済,capture_20260922_KP00058653.pdf,225,2026-09-22,既存ファイルから取り込み（タイトル未確認）,取得台帳のみ,タイトル;著者;出版社;底本刊行;ISBN;サブタイトル・シリーズ;eISBN;code,KinoDenの書誌詳細（機関URL/bookdetail/p/このProductID）を開き、タイトル・著者・出版社・底本刊行・ISBN・eISBN・シリーズを転記する。詳細画面に無い項目は空のままにする / 取得元が分かればcodeを入れる。北海道立図書館なら library.pref.hokkaido。分からなければ空のまま
KP00058698,,,未確認,,,,,,,,取得済,capture_20260922_KP00058698.pdf,160,2026-09-22,既存ファイルから取り込み（タイトル未確認）,取得台帳のみ,タイトル;著者;出版社;底本刊行;ISBN;サブタイトル・シリーズ;eISBN;code,KinoDenの書誌詳細（機関URL/bookdetail/p/このProductID）を開き、タイトル・著者・出版社・底本刊行・ISBN・eISBN・シリーズを転記する。詳細画面に無い項目は空のままにする / 取得元が分かればcodeを入れる。北海道立図書館なら library.pref.hokkaido。分からなければ空のまま
KP00060008,88,となりのハト,検索リスト,身近な生きものの知られざる世界,柴田佳秀,山と溪谷社,2022-03,9784635063104,,library.pref.hokkaido,未取得,,,,,検索リスト+取得台帳,pdf;pages;captured_at,取得したら pdf・pages・captured_at を記入し、status を取得済か不完全に更新する
KP00060116,,,未確認,,,,,,,,不完全,in_capture_20260922_KP00060116.pdf,36,2026-09-22,既存ファイルから取り込み（タイトル未確認）,取得台帳のみ,タイトル;著者;出版社;底本刊行;ISBN;サブタイトル・シリーズ;eISBN;code,KinoDenの書誌詳細（機関URL/bookdetail/p/このProductID）を開き、タイトル・著者・出版社・底本刊行・ISBN・eISBN・シリーズを転記する。詳細画面に無い項目は空のままにする / 取得元が分かればcodeを入れる。北海道立図書館なら library.pref.hokkaido。分からなければ空のまま / キャプチャが途中。取り直したら pages と status を更新する
KP00060294,68,造林樹木学ノート,検索リスト,,上原巌,コロナ社,2021-04,9784339052763,9784339152760,library.pref.hokkaido,未取得,,,,,検索リスト+取得台帳,pdf;pages;captured_at,取得したら pdf・pages・captured_at を記入し、status を取得済か不完全に更新する
KP00060803,,,未確認,,,,,,,,取得済,capture_20260921_KP00060803.pdf,193,2026-09-21,既存ファイルから取り込み（タイトル未確認）,取得台帳のみ,タイトル;著者;出版社;底本刊行;ISBN;サブタイトル・シリーズ;eISBN;code,KinoDenの書誌詳細（機関URL/bookdetail/p/このProductID）を開き、タイトル・著者・出版社・底本刊行・ISBN・eISBN・シリーズを転記する。詳細画面に無い項目は空のままにする / 取得元が分かればcodeを入れる。北海道立図書館なら library.pref.hokkaido。分からなければ空のまま
KP00062342,,,未確認,,,,,,,,取得済,capture_20260922_KP00062342.pdf,432,2026-09-22,既存ファイルから取り込み（タイトル未確認）,取得台帳のみ,タイトル;著者;出版社;底本刊行;ISBN;サブタイトル・シリーズ;eISBN;code,KinoDenの書誌詳細（機関URL/bookdetail/p/このProductID）を開き、タイトル・著者・出版社・底本刊行・ISBN・eISBN・シリーズを転記する。詳細画面に無い項目は空のままにする / 取得元が分かればcodeを入れる。北海道立図書館なら library.pref.hokkaido。分からなければ空のまま
KP00062343,106,偉人たちの挑戦 1,検索リスト,数学・天文学・地学編 サイエンス探究シリーズ,東京電機大学【編】,東京電機大学出版局,2022-02,9784501633103,9784501985004,library.pref.hokkaido,未取得,,,,,検索リスト+取得台帳,pdf;pages;captured_at,取得したら pdf・pages・captured_at を記入し、status を取得済か不完全に更新する
KP00064057,,,未確認,,,,,,,,取得済,capture_20260922_KP00064057.pdf,187,2026-09-22,既存ファイルから取り込み（タイトル未確認）,取得台帳のみ,タイトル;著者;出版社;底本刊行;ISBN;サブタイトル・シリーズ;eISBN;code,KinoDenの書誌詳細（機関URL/bookdetail/p/このProductID）を開き、タイトル・著者・出版社・底本刊行・ISBN・eISBN・シリーズを転記する。詳細画面に無い項目は空のままにする / 取得元が分かればcodeを入れる。北海道立図書館なら library.pref.hokkaido。分からなければ空のまま
KP00064770,,,未確認,,,,,,,,取得済,capture_20260922_KP00064770.pdf,1,2026-09-22,既存ファイルから取り込み（タイトル未確認）,取得台帳のみ,タイトル;著者;出版社;底本刊行;ISBN;サブタイトル・シリーズ;eISBN;code;pages（要確認）,KinoDenの書誌詳細（機関URL/bookdetail/p/このProductID）を開き、タイトル・著者・出版社・底本刊行・ISBN・eISBN・シリーズを転記する。詳細画面に無い項目は空のままにする / 取得元が分かればcodeを入れる。北海道立図書館なら library.pref.hokkaido。分からなければ空のまま / 取得済だがページ数が20未満。実ファイルを見て、途中切れなら status を不完全にする
KP00065857,134,BOOK PAGE 本の年鑑 2022,検索リスト,1・2（2分冊セット）,日外アソシエーツ【編】,日外アソシエーツ,2022-04,9784816929144,9784816987977,library.pref.hokkaido,未取得,,,,,検索リスト+取得台帳,pdf;pages;captured_at,取得したら pdf・pages・captured_at を記入し、status を取得済か不完全に更新する
KP00066085,109,森の根の生態学,検索リスト,,平野恭弘 野口享太郎 大橋瑞江【編】,共立出版,2020-12,9784320058132,9784320951396,library.pref.hokkaido,未取得,,,,,検索リスト+取得台帳,pdf;pages;captured_at,取得したら pdf・pages・captured_at を記入し、status を取得済か不完全に更新する
KP00066847,61,あした出会えるきのこ100,検索リスト,散歩道の図鑑,新井文彦【著】 保坂健太郎【監修】,山と溪谷社,2022-06,9784635062992,,library.pref.hokkaido,取得済,capture_20260921_KP00066847.pdf,193,2026-09-21,,検索リスト+取得台帳,,対応不要
KP00066848,59,変形菌 発見と観察を楽しむ自然図鑑,検索リスト,,川上新一【解説】 新井文彦 髙野丈【写真】,山と溪谷社,2022-06,9784635062978,,library.pref.hokkaido,未取得,,,,,検索リスト+取得台帳,pdf;pages;captured_at,取得したら pdf・pages・captured_at を記入し、status を取得済か不完全に更新する
KP00066962,83,数と計算のはなし 代数篇,検索リスト,武藤徹の高校数学読本1,武藤徹,日本評論社,2011-12,9784535603318,,library.pref.hokkaido,未取得,,,,,検索リスト+取得台帳,pdf;pages;captured_at,取得したら pdf・pages・captured_at を記入し、status を取得済か不完全に更新する
KP00066963,92,図形のはなし 幾何篇,検索リスト,武藤徹の高校数学読本2,武藤徹,日本評論社,2011-12,9784535603325,,library.pref.hokkaido,未取得,,,,,検索リスト+取得台帳,pdf;pages;captured_at,取得したら pdf・pages・captured_at を記入し、status を取得済か不完全に更新する
KP00066964,80,多次元の世界をのぞく ベクトル・行列篇,検索リスト,武藤徹の高校数学読本3,武藤徹,日本評論社,2012-02,9784535603332,,library.pref.hokkaido,未取得,,,,,検索リスト+取得台帳,pdf;pages;captured_at,取得したら pdf・pages・captured_at を記入し、status を取得済か不完全に更新する
KP00066965,82,運動と変化のはなし 関数篇,検索リスト,武藤徹の高校数学読本4,武藤徹,日本評論社,2012-03,9784535603349,,library.pref.hokkaido,未取得,,,,,検索リスト+取得台帳,pdf;pages;captured_at,取得したら pdf・pages・captured_at を記入し、status を取得済か不完全に更新する
KP00066966,81,ミクロとマクロをつむぐ 微分積分篇,検索リスト,武藤徹の高校数学読本5,武藤徹,日本評論社,2012-05,9784535603356,,library.pref.hokkaido,未取得,,,,,検索リスト+取得台帳,pdf;pages;captured_at,取得したら pdf・pages・captured_at を記入し、status を取得済か不完全に更新する
KP00066967,87,大量現象のはなし 確率・統計篇,検索リスト,武藤徹の高校数学読本6,武藤徹,日本評論社,2012-06,9784535603363,,library.pref.hokkaido,未取得,,,,,検索リスト+取得台帳,pdf;pages;captured_at,取得したら pdf・pages・captured_at を記入し、status を取得済か不完全に更新する
KP00067054,,,未確認,,,,,,,,不完全,in_capture_20260922_KP00067054.pdf,16,2026-09-22,既存ファイルから取り込み（タイトル未確認）,取得台帳のみ,タイトル;著者;出版社;底本刊行;ISBN;サブタイトル・シリーズ;eISBN;code,KinoDenの書誌詳細（機関URL/bookdetail/p/このProductID）を開き、タイトル・著者・出版社・底本刊行・ISBN・eISBN・シリーズを転記する。詳細画面に無い項目は空のままにする / 取得元が分かればcodeを入れる。北海道立図書館なら library.pref.hokkaido。分からなければ空のまま / キャプチャが途中。取り直したら pages と status を更新する
KP00067986,86,富士山境目図鑑,検索リスト,境目だから面白い、五合目の地質と動植物,山梨県富士山科学研究所【著】,丸善出版,2020-05,9784621305119,,library.pref.hokkaido,未取得,,,,,検索リスト+取得台帳,pdf;pages;captured_at,取得したら pdf・pages・captured_at を記入し、status を取得済か不完全に更新する
KP00068397,,,未確認,,,,,,,,取得済,capture_20260920_KP00068397.pdf,129,2026-09-20,既存ファイルから取り込み（タイトル未確認）,取得台帳のみ,タイトル;著者;出版社;底本刊行;ISBN;サブタイトル・シリーズ;eISBN;code,KinoDenの書誌詳細（機関URL/bookdetail/p/このProductID）を開き、タイトル・著者・出版社・底本刊行・ISBN・eISBN・シリーズを転記する。詳細画面に無い項目は空のままにする / 取得元が分かればcodeを入れる。北海道立図書館なら library.pref.hokkaido。分からなければ空のまま
KP00068408,,,未確認,,,,,,,library.pref.hokkaido,不完全,in_capture_20260915_KP00068408.pdf,11,2026-09-15,既存ファイルから取り込み（タイトル未確認）,取得台帳のみ,タイトル;著者;出版社;底本刊行;ISBN;サブタイトル・シリーズ;eISBN,KinoDenの書誌詳細（機関URL/bookdetail/p/このProductID）を開き、タイトル・著者・出版社・底本刊行・ISBN・eISBN・シリーズを転記する。詳細画面に無い項目は空のままにする / キャプチャが途中。取り直したら pages と status を更新する
KP00069661,75,造園大百科事典,検索リスト,,亀山章【総編集】,朝倉書店,2022-07,9784254410419,,library.pref.hokkaido,不完全,in_capture_20260915_KP00069661.pdf,12,2026-09-15,,検索リスト+取得台帳,,キャプチャが途中。取り直したら pages と status を更新する
KP00071053,14,今日からはじめる ばーどらいふ！,検索リスト,,一日一種,文一総合出版,2021-10,9784829972366,9784829955628,library.pref.hokkaido,未取得,,,,,検索リスト+取得台帳,pdf;pages;captured_at,取得したら pdf・pages・captured_at を記入し、status を取得済か不完全に更新する
KP00071054,1,ハエトリグモハンドブック 増補改訂版,検索リスト,,須黒達巳,文一総合出版,2022-04,9784829981696,9784829955635,library.pref.hokkaido,取得済,capture_20260921_KP00071054.pdf,156,2026-09-21,,検索リスト+取得台帳,,対応不要
KP00071055,34,野鳥手帳,検索リスト,「あの鳥なに？」がわかります！,叶内拓哉【文・写真】 水谷高英【イラスト】,文一総合出版,2021-04,9784829972359,9784829955642,library.pref.hokkaido,未取得,,,,,検索リスト+取得台帳,pdf;pages;captured_at,取得したら pdf・pages・captured_at を記入し、status を取得済か不完全に更新する
KP00071059,10,田んぼや水辺でみられる 植物の芽生えハンドブック,検索リスト,,浅井元朗 西廣淳,文一総合出版,2022-06,9784829981719,9784829955680,library.pref.hokkaido,未取得,,,,,検索リスト+取得台帳,pdf;pages;captured_at,取得したら pdf・pages・captured_at を記入し、status を取得済か不完全に更新する
KP00071060,16,かんたん識別！ 身近なチョウ,検索リスト,,森地重博 清水聡司 奥山清市,文一総合出版,2022-06,9784829972403,9784829955697,library.pref.hokkaido,未取得,,,,,検索リスト+取得台帳,pdf;pages;captured_at,取得したら pdf・pages・captured_at を記入し、status を取得済か不完全に更新する
KP00071061,47,生きもの毛事典,検索リスト,,保谷彰彦【文】 川崎悟司【イラスト】,文一総合出版,2022-06,9784829972380,9784829955703,library.pref.hokkaido,未取得,,,,,検索リスト+取得台帳,pdf;pages;captured_at,取得したら pdf・pages・captured_at を記入し、status を取得済か不完全に更新する
KP00071062,37,繭ハンドブック,検索リスト,,三田村敏正,文一総合出版,2013-05,9784829981122,9784829955710,library.pref.hokkaido,未取得,,,,,検索リスト+取得台帳,pdf;pages;captured_at,取得したら pdf・pages・captured_at を記入し、status を取得済か不完全に更新する
KP00071185,,,未確認,,,,,,,,取得済,capture_20260922_KP00071185.pdf,221,2026-09-22,既存ファイルから取り込み（タイトル未確認）,取得台帳のみ,タイトル;著者;出版社;底本刊行;ISBN;サブタイトル・シリーズ;eISBN;code,KinoDenの書誌詳細（機関URL/bookdetail/p/このProductID）を開き、タイトル・著者・出版社・底本刊行・ISBN・eISBN・シリーズを転記する。詳細画面に無い項目は空のままにする / 取得元が分かればcodeを入れる。北海道立図書館なら library.pref.hokkaido。分からなければ空のまま
KP00078020,,,未確認,,,,,,,,取得済,capture_20260917_KP00078020.pdf,218,2026-09-17,既存ファイルから取り込み（タイトル未確認）,取得台帳のみ,タイトル;著者;出版社;底本刊行;ISBN;サブタイトル・シリーズ;eISBN;code,KinoDenの書誌詳細（機関URL/bookdetail/p/このProductID）を開き、タイトル・著者・出版社・底本刊行・ISBN・eISBN・シリーズを転記する。詳細画面に無い項目は空のままにする / 取得元が分かればcodeを入れる。北海道立図書館なら library.pref.hokkaido。分からなければ空のまま
KP00080195,,,未確認,,,,,,,,取得済,capture_20260922_KP00080195.pdf,196,2026-09-22,既存ファイルから取り込み（タイトル未確認）,取得台帳のみ,タイトル;著者;出版社;底本刊行;ISBN;サブタイトル・シリーズ;eISBN;code,KinoDenの書誌詳細（機関URL/bookdetail/p/このProductID）を開き、タイトル・著者・出版社・底本刊行・ISBN・eISBN・シリーズを転記する。詳細画面に無い項目は空のままにする / 取得元が分かればcodeを入れる。北海道立図書館なら library.pref.hokkaido。分からなければ空のまま
KP00080580,,,未確認,,,,,,,library.pref.hokkaido,不完全,in_capture_20260915_KP00080580.pdf,10,2026-09-15,既存ファイルから取り込み（タイトル未確認）,取得台帳のみ,タイトル;著者;出版社;底本刊行;ISBN;サブタイトル・シリーズ;eISBN,KinoDenの書誌詳細（機関URL/bookdetail/p/このProductID）を開き、タイトル・著者・出版社・底本刊行・ISBN・eISBN・シリーズを転記する。詳細画面に無い項目は空のままにする / キャプチャが途中。取り直したら pages と status を更新する
KP00080785,49,羽毛恐竜完全ガイド,検索リスト,BIRDER SPECIAL,BIRDER編集部【編】,文一総合出版,2023-03,9784829975138,9784829955802,library.pref.hokkaido,未取得,,,,,検索リスト+取得台帳,pdf;pages;captured_at,取得したら pdf・pages・captured_at を記入し、status を取得済か不完全に更新する
KP00088544,60,鳴き声できずなを結ぶ エゾナキウサギ,検索リスト,命のつながり 5,佐藤圭【写真・文】,文一総合出版,2023-10,9784829990193,9784829955895,library.pref.hokkaido,未取得,,,,,検索リスト+取得台帳,pdf;pages;captured_at,取得したら pdf・pages・captured_at を記入し、status を取得済か不完全に更新する
KP00088644,102,古代東北の蝦夷と北海道〈オンデマンド版〉,検索リスト,,関口明,吉川弘文館,2023-10,9784642723862,9784642226554,library.pref.hokkaido,未取得,,,,,検索リスト+取得台帳,pdf;pages;captured_at,取得したら pdf・pages・captured_at を記入し、status を取得済か不完全に更新する
KP00089021,58,山の園芸屋さん エゾシマリス,検索リスト,命のつながり 3,佐藤圭【写真・文】,文一総合出版,2021-11,9784829990148,9784829955987,library.pref.hokkaido,未取得,,,,,検索リスト+取得台帳,pdf;pages;captured_at,取得したら pdf・pages・captured_at を記入し、status を取得済か不完全に更新する
KP00093864,,,未確認,,,,,,,library.pref.hokkaido,不完全,in_capture_20260915_KP00093864.pdf,274,2026-09-15,,取得台帳のみ,タイトル;著者;出版社;底本刊行;ISBN;サブタイトル・シリーズ;eISBN,KinoDenの書誌詳細（機関URL/bookdetail/p/このProductID）を開き、タイトル・著者・出版社・底本刊行・ISBN・eISBN・シリーズを転記する。詳細画面に無い項目は空のままにする / キャプチャが途中。取り直したら pages と status を更新する
KP00095630,124,北方海域をめぐる国際政治史,検索リスト,明治期日本の海獣猟業,髙橋亮一,日本経済評論社,2024-02,9784818826496,,library.pref.hokkaido,未取得,,,,,検索リスト+取得台帳,pdf;pages;captured_at,取得したら pdf・pages・captured_at を記入し、status を取得済か不完全に更新する
KP00101523,126,Q&Aで読む縄文時代入門,検索リスト,,山田康弘 設楽博己【編】,吉川弘文館,2024-05,9784642084499,9784642228725,library.pref.hokkaido,未取得,,,,,検索リスト+取得台帳,pdf;pages;captured_at,取得したら pdf・pages・captured_at を記入し、status を取得済か不完全に更新する
KP00105431,116,アイヌ語地名の歴史,検索リスト,歴史文化ライブラリー 604,児島恭子,吉川弘文館,2024-08,9784642306041,9784642229029,library.pref.hokkaido,未取得,,,,,検索リスト+取得台帳,pdf;pages;captured_at,取得したら pdf・pages・captured_at を記入し、status を取得済か不完全に更新する
KP00105622,,,未確認,,,,,,,,取得済,capture_20260915_KP00105622.pdf,305,2026-09-15,既存ファイルから取り込み（タイトル未確認）,取得台帳のみ,タイトル;著者;出版社;底本刊行;ISBN;サブタイトル・シリーズ;eISBN;code,KinoDenの書誌詳細（機関URL/bookdetail/p/このProductID）を開き、タイトル・著者・出版社・底本刊行・ISBN・eISBN・シリーズを転記する。詳細画面に無い項目は空のままにする / 取得元が分かればcodeを入れる。北海道立図書館なら library.pref.hokkaido。分からなければ空のまま
KP00105675,,,未確認,,,,,,,,取得済,capture_20260917_KP00105675.pdf,674,2026-09-17,既存ファイルから取り込み（タイトル未確認）,取得台帳のみ,タイトル;著者;出版社;底本刊行;ISBN;サブタイトル・シリーズ;eISBN;code,KinoDenの書誌詳細（機関URL/bookdetail/p/このProductID）を開き、タイトル・著者・出版社・底本刊行・ISBN・eISBN・シリーズを転記する。詳細画面に無い項目は空のままにする / 取得元が分かればcodeを入れる。北海道立図書館なら library.pref.hokkaido。分からなければ空のまま
KP00120642,,,未確認,,,,,,,,取得済,capture_20260922_KP00120642.pdf,301,2026-09-22,既存ファイルから取り込み（タイトル未確認）,取得台帳のみ,タイトル;著者;出版社;底本刊行;ISBN;サブタイトル・シリーズ;eISBN;code,KinoDenの書誌詳細（機関URL/bookdetail/p/このProductID）を開き、タイトル・著者・出版社・底本刊行・ISBN・eISBN・シリーズを転記する。詳細画面に無い項目は空のままにする / 取得元が分かればcodeを入れる。北海道立図書館なら library.pref.hokkaido。分からなければ空のまま
KP00123447,,,未確認,,,,,,,,取得済,capture_20260921_KP00123447.pdf,145,2026-09-21,既存ファイルから取り込み（タイトル未確認）,取得台帳のみ,タイトル;著者;出版社;底本刊行;ISBN;サブタイトル・シリーズ;eISBN;code,KinoDenの書誌詳細（機関URL/bookdetail/p/このProductID）を開き、タイトル・著者・出版社・底本刊行・ISBN・eISBN・シリーズを転記する。詳細画面に無い項目は空のままにする / 取得元が分かればcodeを入れる。北海道立図書館なら library.pref.hokkaido。分からなければ空のまま
,,111,ファイル名由来,,,,,,,library.pref.hokkaido,取得済,111.pdf,10,2026-09-14,既存ファイルから取り込み（ProductID不明）,取得台帳のみ（ProductIDなし）,ProductID;正式書名;著者;出版社;底本刊行;ISBN;サブタイトル・シリーズ;eISBN;pages（要確認）,タイトルはファイル名の仮題。KinoDenか国会図書館サーチで正式書名を確定し、ProductIDが1件に特定できたときだけ埋める。候補が複数ならProductIDは空のまま、noteに候補を書く / 取得済だがページ数が20未満。実ファイルを見て、途中切れなら status を不完全にする
,,APG原色樹木大図鑑,ファイル名由来,,,,,,,library.pref.hokkaido,取得済,APG原色樹木大図鑑.pdf,952,2026-08-14,既存ファイルから取り込み（ProductID不明）,取得台帳のみ（ProductIDなし）,ProductID;正式書名;著者;出版社;底本刊行;ISBN;サブタイトル・シリーズ;eISBN,タイトルはファイル名の仮題。KinoDenか国会図書館サーチで正式書名を確定し、ProductIDが1件に特定できたときだけ埋める。候補が複数ならProductIDは空のまま、noteに候補を書く
,,いきもの六法,ファイル名由来,,,,,,,library.pref.hokkaido,取得済,いきもの六法.pdf,130,2026-08-14,既存ファイルから取り込み（ProductID不明）,取得台帳のみ（ProductIDなし）,ProductID;正式書名;著者;出版社;底本刊行;ISBN;サブタイトル・シリーズ;eISBN,タイトルはファイル名の仮題。KinoDenか国会図書館サーチで正式書名を確定し、ProductIDが1件に特定できたときだけ埋める。候補が複数ならProductIDは空のまま、noteに候補を書く
,,おもしろ植物図鑑,ファイル名由来,,,,,,,library.pref.hokkaido,取得済,おもしろ植物図鑑.pdf,225,2026-08-14,既存ファイルから取り込み（ProductID不明）,取得台帳のみ（ProductIDなし）,ProductID;正式書名;著者;出版社;底本刊行;ISBN;サブタイトル・シリーズ;eISBN,タイトルはファイル名の仮題。KinoDenか国会図書館サーチで正式書名を確定し、ProductIDが1件に特定できたときだけ埋める。候補が複数ならProductIDは空のまま、noteに候補を書く
,,きのこの教科書観察と種同定の入門,ファイル名由来,,,,,,,library.pref.hokkaido,取得済,きのこの教科書観察と種同定の入門.pdf,242,2026-09-13,既存ファイルから取り込み（ProductID不明）,取得台帳のみ（ProductIDなし）,ProductID;正式書名;著者;出版社;底本刊行;ISBN;サブタイトル・シリーズ;eISBN,タイトルはファイル名の仮題。KinoDenか国会図書館サーチで正式書名を確定し、ProductIDが1件に特定できたときだけ埋める。候補が複数ならProductIDは空のまま、noteに候補を書く
,,くらべてわかる哺乳類,ファイル名由来,,,,,,,library.pref.hokkaido,取得済,くらべてわかる哺乳類.pdf,129,2026-08-13,既存ファイルから取り込み（ProductID不明）,取得台帳のみ（ProductIDなし）,ProductID;正式書名;著者;出版社;底本刊行;ISBN;サブタイトル・シリーズ;eISBN,タイトルはファイル名の仮題。KinoDenか国会図書館サーチで正式書名を確定し、ProductIDが1件に特定できたときだけ埋める。候補が複数ならProductIDは空のまま、noteに候補を書く
,,ときめくきのこ図鑑,ファイル名由来,,,,,,,library.pref.hokkaido,取得済,ときめくきのこ図鑑.pdf,226,2026-09-13,既存ファイルから取り込み（ProductID不明）,取得台帳のみ（ProductIDなし）,ProductID;正式書名;著者;出版社;底本刊行;ISBN;サブタイトル・シリーズ;eISBN,タイトルはファイル名の仮題。KinoDenか国会図書館サーチで正式書名を確定し、ProductIDが1件に特定できたときだけ埋める。候補が複数ならProductIDは空のまま、noteに候補を書く
,,ときめくチョウ図鑑,ファイル名由来,,,,,,,library.pref.hokkaido,取得済,ときめくチョウ図鑑.pdf,130,2026-09-14,既存ファイルから取り込み（ProductID不明）,取得台帳のみ（ProductIDなし）,ProductID;正式書名;著者;出版社;底本刊行;ISBN;サブタイトル・シリーズ;eISBN,タイトルはファイル名の仮題。KinoDenか国会図書館サーチで正式書名を確定し、ProductIDが1件に特定できたときだけ埋める。候補が複数ならProductIDは空のまま、noteに候補を書く
,,ときめく貝殻図鑑,ファイル名由来,,,,,,,library.pref.hokkaido,取得済,ときめく貝殻図鑑.pdf,225,2026-09-13,既存ファイルから取り込み（ProductID不明）,取得台帳のみ（ProductIDなし）,ProductID;正式書名;著者;出版社;底本刊行;ISBN;サブタイトル・シリーズ;eISBN,タイトルはファイル名の仮題。KinoDenか国会図書館サーチで正式書名を確定し、ProductIDが1件に特定できたときだけ埋める。候補が複数ならProductIDは空のまま、noteに候補を書く
,,データベーススペシャリスト教科書令和4年度,ファイル名由来,,,,,,,library.pref.hokkaido,取得済,データベーススペシャリスト教科書令和4年度.pdf,736,2026-08-13,既存ファイルから取り込み（ProductID不明）,取得台帳のみ（ProductIDなし）,ProductID;正式書名;著者;出版社;底本刊行;ISBN;サブタイトル・シリーズ;eISBN,タイトルはファイル名の仮題。KinoDenか国会図書館サーチで正式書名を確定し、ProductIDが1件に特定できたときだけ埋める。候補が複数ならProductIDは空のまま、noteに候補を書く
,,ポケット図鑑日本のキノコ262,ファイル名由来,,,,,,,library.pref.hokkaido,取得済,ポケット図鑑日本のキノコ262.pdf,326,2026-09-14,既存ファイルから取り込み（ProductID不明）,取得台帳のみ（ProductIDなし）,ProductID;正式書名;著者;出版社;底本刊行;ISBN;サブタイトル・シリーズ;eISBN,タイトルはファイル名の仮題。KinoDenか国会図書館サーチで正式書名を確定し、ProductIDが1件に特定できたときだけ埋める。候補が複数ならProductIDは空のまま、noteに候補を書く
,,公園で探せる昆虫図鑑,ファイル名由来,,,,,,,library.pref.hokkaido,取得済,公園で探せる昆虫図鑑.pdf,194,2026-08-14,既存ファイルから取り込み（ProductID不明）,取得台帳のみ（ProductIDなし）,ProductID;正式書名;著者;出版社;底本刊行;ISBN;サブタイトル・シリーズ;eISBN,タイトルはファイル名の仮題。KinoDenか国会図書館サーチで正式書名を確定し、ProductIDが1件に特定できたときだけ埋める。候補が複数ならProductIDは空のまま、noteに候補を書く
,,北海道のキノコ,ファイル名由来,,,,,,,library.pref.hokkaido,取得済,北海道のキノコ.pdf,380,2026-09-12,既存ファイルから取り込み（ProductID不明）,取得台帳のみ（ProductIDなし）,ProductID;正式書名;著者;出版社;底本刊行;ISBN;サブタイトル・シリーズ;eISBN,タイトルはファイル名の仮題。KinoDenか国会図書館サーチで正式書名を確定し、ProductIDが1件に特定できたときだけ埋める。候補が複数ならProductIDは空のまま、noteに候補を書く
,,実とタネキャラクター図鑑,ファイル名由来,,,,,,,library.pref.hokkaido,取得済,実とタネキャラクター図鑑.pdf,225,2026-08-14,既存ファイルから取り込み（ProductID不明）,取得台帳のみ（ProductIDなし）,ProductID;正式書名;著者;出版社;底本刊行;ISBN;サブタイトル・シリーズ;eISBN,タイトルはファイル名の仮題。KinoDenか国会図書館サーチで正式書名を確定し、ProductIDが1件に特定できたときだけ埋める。候補が複数ならProductIDは空のまま、noteに候補を書く
,,新分類牧野日本植物図鑑,ファイル名由来,,,,,,,library.pref.hokkaido,取得済,新分類牧野日本植物図鑑.pdf,1633,2026-08-14,既存ファイルから取り込み（ProductID不明）,取得台帳のみ（ProductIDなし）,ProductID;正式書名;著者;出版社;底本刊行;ISBN;サブタイトル・シリーズ;eISBN,タイトルはファイル名の仮題。KinoDenか国会図書館サーチで正式書名を確定し、ProductIDが1件に特定できたときだけ埋める。候補が複数ならProductIDは空のまま、noteに候補を書く
,,新板草花もの知り事典,ファイル名由来,,,,,,,library.pref.hokkaido,取得済,新板草花もの知り事典.pdf,440,2026-08-14,既存ファイルから取り込み（ProductID不明）,取得台帳のみ（ProductIDなし）,ProductID;正式書名;著者;出版社;底本刊行;ISBN;サブタイトル・シリーズ;eISBN,タイトルはファイル名の仮題。KinoDenか国会図書館サーチで正式書名を確定し、ProductIDが1件に特定できたときだけ埋める。候補が複数ならProductIDは空のまま、noteに候補を書く
,,日本の野鳥識別図鑑,ファイル名由来,,,,,,,library.pref.hokkaido,取得済,日本の野鳥識別図鑑.pdf,336,2026-08-14,既存ファイルから取り込み（ProductID不明）,取得台帳のみ（ProductIDなし）,ProductID;正式書名;著者;出版社;底本刊行;ISBN;サブタイトル・シリーズ;eISBN,タイトルはファイル名の仮題。KinoDenか国会図書館サーチで正式書名を確定し、ProductIDが1件に特定できたときだけ埋める。候補が複数ならProductIDは空のまま、noteに候補を書く
,,日本野鳥の会のとっておきの野鳥の授業,ファイル名由来,,,,,,,library.pref.hokkaido,取得済,日本野鳥の会のとっておきの野鳥の授業.pdf,216,2026-08-14,既存ファイルから取り込み（ProductID不明）,取得台帳のみ（ProductIDなし）,ProductID;正式書名;著者;出版社;底本刊行;ISBN;サブタイトル・シリーズ;eISBN,タイトルはファイル名の仮題。KinoDenか国会図書館サーチで正式書名を確定し、ProductIDが1件に特定できたときだけ埋める。候補が複数ならProductIDは空のまま、noteに候補を書く
,,昆虫たちのすごい筋肉,ファイル名由来,,,,,,,library.pref.hokkaido,取得済,昆虫たちのすごい筋肉.pdf,183,2026-08-13,既存ファイルから取り込み（ProductID不明）,取得台帳のみ（ProductIDなし）,ProductID;正式書名;著者;出版社;底本刊行;ISBN;サブタイトル・シリーズ;eISBN,タイトルはファイル名の仮題。KinoDenか国会図書館サーチで正式書名を確定し、ProductIDが1件に特定できたときだけ埋める。候補が複数ならProductIDは空のまま、noteに候補を書く
,,理科好きな子に育つふしぎのお話,ファイル名由来,,,,,,,library.pref.hokkaido,取得済,理科好きな子に育つふしぎのお話.pdf,13,2026-08-14,既存ファイルから取り込み（ProductID不明）,取得台帳のみ（ProductIDなし）,ProductID;正式書名;著者;出版社;底本刊行;ISBN;サブタイトル・シリーズ;eISBN;pages（要確認）,タイトルはファイル名の仮題。KinoDenか国会図書館サーチで正式書名を確定し、ProductIDが1件に特定できたときだけ埋める。候補が複数ならProductIDは空のまま、noteに候補を書く / 取得済だがページ数が20未満。実ファイルを見て、途中切れなら status を不完全にする
,,草の辞典,ファイル名由来,,,,,,,library.pref.hokkaido,取得済,草の辞典.pdf,288,2026-08-14,既存ファイルから取り込み（ProductID不明）,取得台帳のみ（ProductIDなし）,ProductID;正式書名;著者;出版社;底本刊行;ISBN;サブタイトル・シリーズ;eISBN,タイトルはファイル名の仮題。KinoDenか国会図書館サーチで正式書名を確定し、ProductIDが1件に特定できたときだけ埋める。候補が複数ならProductIDは空のまま、noteに候補を書く
,,野外毒本,ファイル名由来,,,,,,,library.pref.hokkaido,取得済,野外毒本.pdf,273,2026-08-14,既存ファイルから取り込み（ProductID不明）,取得台帳のみ（ProductIDなし）,ProductID;正式書名;著者;出版社;底本刊行;ISBN;サブタイトル・シリーズ;eISBN,タイトルはファイル名の仮題。KinoDenか国会図書館サーチで正式書名を確定し、ProductIDが1件に特定できたときだけ埋める。候補が複数ならProductIDは空のまま、noteに候補を書く
